stt,file_path,duration
4,E:\Number SLime\Video\05DC.mp4,6:15
1,E:\Number SLime\Video\01DC.mp4,6:40
2,E:\Number SLime\Video\02DC.mp4,6:51
5,E:\Number A\Video\100BFC.mp4,6:30
8,E:\Number A\Video\101BFC.mp4,7:04
3,E:\Number SLime\Video\04DC.mp4,6:55
6,E:\Number B\Video\100BGA.mp4,5:18
7,E:\Rainbow Number\Video\100GC.mp4,8:02
9,E:\Number B\Video\101BGA.mp4,4:54
11,E:\Number B\Video\102BGA.mp4,4:08
10,E:\Number A\Video\102BFC.mp4,8:12
13,E:\Number B\Video\103BGA.mp4,4:39
14,E:\Rainbow Number\Video\103GC.mp4,6:37
12,E:\Number A\Video\103BFC.mp4,7:45
15,E:\Number A\Video\104BFC.mp4,6:10
16,E:\Number B\Video\104BGA.mp4,4:02
17,E:\Rainbow Number\Video\104FC.mp4,5:41
18,E:\Number A\Video\105BFC.mp4,6:55
19,E:\Number B\Video\105BGA.mp4,3:56
22,E:\Number B\Video\106BGA.mp4,3:36
20,E:\Rainbow Number\Video\105FC.mp4,5:40
21,E:\Number A\Video\106BFC.mp4,6:05
23,E:\Rainbow Number\Video\106FC.mp4,5:57
24,E:\Number A\Video\107BFC.mp4,7:22
26,E:\Rainbow Number\Video\107FC.mp4,6:37
25,E:\Number B\Video\107BGA.mp4,4:06
27,E:\Number A\Video\108BFC.mp4,7:23
28,E:\Number B\Video\108BGA.mp4,4:13
29,E:\Rainbow Number\Video\108FC.mp4,5:59
30,E:\Number A\Video\109BFC.mp4,6:35
31,E:\Number B\Video\109BGA.mp4,3:54
33,E:\Number TC\Video\10AG.mp4,6:46
32,E:\Rainbow Number\Video\109FC.mp4,4:35
34,E:\Number A\Video\110BFC.mp4,6:30
35,E:\Number B\Video\110BGA.mp4,3:57
38,E:\Number B\Video\111BGA.mp4,4:29
36,E:\Rainbow Number\Video\110FC.mp4,3:52
37,E:\Number A\Video\111BFC.mp4,6:23
40,E:\Number A\Video\112BFC.mp4,6:02
41,E:\Number B\Video\112BGA.mp4,6:16
39,E:\Rainbow Number\Video\111FC.mp4,7:42
43,E:\Number A\Video\113BFC.mp4,7:27
44,E:\Number B\Video\113BGA.mp4,5:44
42,E:\Rainbow Number\Video\112FC.mp4,6:08
45,E:\Rainbow Number\Video\113FC.mp4,6:08
46,E:\Number B\Video\114BFA.mp4,4:24
47,E:\Number A\Video\114FC.mp4,6:34
48,E:\Rainbow Number\Video\114FC.mp4,6:08
49,E:\Number B\Video\115BFA.mp4,5:30
50,E:\Number A\Video\115BFC.mp4,6:02
51,E:\Rainbow Number\Video\115FC.mp4,6:30
52,E:\Number SLime\Video\115FLD.mp4,7:26
53,E:\Number B\Video\116BFA.mp4,4:52
54,E:\Number A\Video\116BFC.mp4,5:45
55,E:\Rainbow Number\Video\116FC.mp4,5:14
56,E:\Number SLime\Video\116FLD.mp4,7:58
58,E:\Number B\Video\117BFA.mp4,4:11
57,E:\Number A\Video\117BC.mp4,6:13
59,E:\Number A\Video\118BC.mp4,7:18
60,E:\Number B\Video\118BFA.mp4,3:53
61,E:\Number A\Video\119BC.mp4,5:34
62,E:\Number B\Video\119BFA.mp4,4:34
64,E:\Number TC\Video\11AF.mp4,4:51
63,E:\Number TC\Video\11AF (2).mp4,6:43
67,E:\Number A\Video\121BC.mp4,7:15
65,E:\Number A\Video\120BC.mp4,6:06
70,E:\Number B\Video\122FA.mp4,8:01
66,E:\Number B\Video\120BFA.mp4,4:01
69,E:\Number A\Video\122BC.mp4,5:56
68,E:\Number B\Video\121FC.mp4,8:57
71,E:\Number A\Video\123BC.mp4,6:17
72,E:\Number B\Video\123FA.mp4,9:42
73,E:\Rainbow Number\Video\123FD.mp4,4:10
74,E:\Number A\Video\124BC.mp4,7:32
76,E:\Number SLime\Video\124FLA.mp4,5:47
75,E:\Number B\Video\124FA.mp4,8:17
77,E:\Number B\Video\125FC.mp4,7:25
78,E:\Number A\Video\126BB.mp4,6:17
79,E:\Number B\Video\126FC.mp4,7:44
80,E:\Number A\Video\127BC.mp4,5:50
81,E:\Number B\Video\127FC.mp4,9:51
82,E:\Number A\Video\128BC.mp4,6:19
83,E:\Number B\Video\128FC.mp4,8:19
85,E:\Number A\Video\129BC.mp4,7:55
84,E:\Rainbow Number\Video\128FD.mp4,4:54
86,E:\Number B\Video\129BC.mp4,6:00
87,E:\Number TC\Video\12AF (2).mp4,6:23
89,E:\Number TC\Video\13.MP4,1:15
90,E:\Number A\Video\130BC.mp4,8:05
88,E:\Number TC\Video\12AF.mp4,4:20
91,E:\Number B\Video\130BC.mp4,5:40
93,E:\Number A\Video\131BHC.mp4,6:39
92,E:\Number B\Video\131BC.mp4,5:42
94,E:\Number A\Video\132BHC.mp4,7:09
95,E:\Rainbow Number\Video\132GC.mp4,4:24
96,E:\Number B\Video\133BC.mp4,5:41
98,E:\Rainbow Number\Video\133GC.mp4,5:21
97,E:\Number A\Video\133BHC.mp4,4:33
99,E:\Number A\Video\134BHA.mp4,7:54
100,E:\Number B\Video\135BD.mp4,4:41
101,E:\Number A\Video\135BHC.mp4,6:25
102,E:\Number B\Video\136BC.mp4,5:07
103,E:\Number A\Video\136BHC.mp4,7:18
104,E:\Rainbow Number\Video\136GC.mp4,4:49
105,E:\Number B\Video\137BC.mp4,5:23
107,E:\Rainbow Number\Video\137GC.mp4,4:14
108,E:\Number B\Video\138BC.mp4,5:06
109,E:\Number A\Video\138BHC.mp4,5:07
106,E:\Number A\Video\137BHC.mp4,6:13
114,E:\Number TC\Video\14.MP4,1:05
111,E:\Number A\Video\139BGC.mp4,7:02
110,E:\Rainbow Number\Video\138GC.mp4,4:17
112,E:\Number B\Video\139BGC.mp4,5:02
115,E:\Number A\Video\140BGC.mp4,5:44
116,E:\Number B\Video\140BGC.mp4,4:16
117,E:\Number A\Video\141BGC.mp4,6:27
113,E:\Number TC\Video\13AE.mp4,7:44
120,E:\Number B\Video\142BGC.mp4,5:34
118,E:\Number B\Video\141BGC.mp4,5:08
119,E:\Number A\Video\142BGC.mp4,7:37
124,E:\Rainbow Number\Video\143FC.mp4,4:08
122,E:\Number A\Video\143BGC.mp4,5:18
121,E:\Rainbow Number\Video\142FC.mp4,5:45
123,E:\Number B\Video\143BGC.mp4,5:02
125,E:\Number A\Video\144BGC.mp4,5:47
127,E:\Rainbow Number\Video\144FC.mp4,6:40
128,E:\Number B\Video\145BGA.mp4,3:11
126,E:\Number B\Video\144BHC.mp4,5:16
130,E:\Rainbow Number\Video\145FC.mp4,5:47
131,E:\Number B\Video\146BGA.mp4,4:48
132,E:\Number A\Video\146BGC.mp4,6:33
129,E:\Number A\Video\145BGC.mp4,6:01
134,E:\Number B\Video\147BGA.mp4,4:01
136,E:\Rainbow Number\Video\147GC.mp4,4:39
133,E:\Rainbow Number\Video\146FC.mp4,4:54
135,E:\Number A\Video\147BGC.mp4,5:17
137,E:\Number B\Video\148BGA.mp4,4:48
139,E:\Number B\Video\149BGA.mp4,4:00
140,E:\Number A\Video\149BGC.mp4,5:11
138,E:\Number A\Video\148BGC.mp4,5:29
145,E:\Number B\Video\151BGA.mp4,4:14
143,E:\Number B\Video\150BGA.mp4,4:14
144,E:\Number A\Video\150BGC.mp4,6:05
142,E:\Number TC\Video\14AE.mp4,5:22
147,E:\Number B\Video\152BGA.mp4,3:41
146,E:\Number A\Video\151BGC.mp4,5:28
148,E:\Number A\Video\152BGC.mp4,5:16
141,E:\Number TC\Video\14AE (2).mp4,7:07
150,E:\Number B\Video\153BGC.mp4,3:59
149,E:\Number A\Video\153BGC.mp4,6:38
153,E:\Number B\Video\155BGC.mp4,5:40
151,E:\Number B\Video\154BGC.mp4,3:39
154,E:\Number A\Video\155BHC.mp4,5:20
152,E:\Number A\Video\154BHC.mp4,4:56
155,E:\Number B\Video\156BGA.mp4,4:49
156,E:\Number A\Video\156BHC.mp4,7:26
159,E:\Number B\Video\158BGA.mp4,3:28
157,E:\Number B\Video\157BGA.mp4,3:43
160,E:\Number A\Video\158BHC.mp4,5:16
158,E:\Number A\Video\157BHC.mp4,6:53
161,E:\Number B\Video\159BC.mp4,4:10
163,E:\Number B\Video\160BA.mp4,4:07
162,E:\Number A\Video\159BHC.mp4,5:32
164,E:\Number A\Video\160BHC-.mp4,6:47
165,E:\Number B\Video\161BA.mp4,4:03
166,E:\Number A\Video\161BHA.mp4,5:39
167,E:\Number B\Video\162BA.mp4,4:36
169,E:\Number B\Video\163BC.mp4,4:41
168,E:\Number A\Video\162BHC.mp4,4:43
171,E:\Number B\Video\164BA.mp4,4:49
170,E:\Number A\Video\163BHC.mp4,4:28
172,E:\Number A\Video\164BHC.mp4,6:04
174,E:\Number A\Video\165BHC.mp4,5:27
177,E:\Number B\Video\167BC.mp4,4:25
173,E:\Number B\Video\165BA.mp4,4:46
176,E:\Number A\Video\166BHA.mp4,6:24
175,E:\Number B\Video\166BA.mp4,4:07
179,E:\Rainbow Number\Video\167FC.mp4,7:33
178,E:\Number A\Video\167BHD.mp4,6:46
180,E:\Number B\Video\168BC.mp4,4:14
184,E:\Number TC\Video\16AG.mp4,6:42
181,E:\Number A\Video\168BHA.mp4,5:03
183,E:\Number A\Video\169BGC.mp4,4:50
185,E:\Number B\Video\170BA.mp4,4:05
182,E:\Rainbow Number\Video\168FC.mp4,6:56
186,E:\Number A\Video\170BGB.mp4,5:14
187,E:\Number A\Video\170BGB_1.mp4,5:14
188,E:\Number B\Video\171BFC.mp4,5:04
190,E:\Number B\Video\172BFC.mp4,3:55
189,E:\Number A\Video\171BGC.mp4,4:57
192,E:\Number B\Video\173BFC.mp4,4:04
191,E:\Number A\Video\172BGC.mp4,5:01
193,E:\Number A\Video\173BGC.mp4,5:54
194,E:\Number A\Video\174BGC.mp4,6:04
195,E:\Number A\Video\175BGC.mp4,4:29
196,E:\Number A\Video\176BGC.mp4,4:53
197,E:\Number A\Video\177BGC.mp4,5:18
199,E:\Number A\Video\179BGC.mp4,4:21
198,E:\Number A\Video\178BGD.mp4,4:54
201,E:\Number A\Video\181BGC.mp4,6:01
200,E:\Number A\Video\180BGC.mp4,4:46
202,E:\Number A\Video\182BGC.mp4,6:22
203,E:\Number A\Video\183BGC.mp4,5:34
204,E:\Number A\Video\184BGC.mp4,5:10
205,E:\Number A\Video\185BGA.mp4,5:14
206,E:\Number A\Video\186BGA.mp4,5:00
207,E:\Number A\Video\187BGA.mp4,4:44
208,E:\Number A\Video\188BGA.mp4,5:30
210,E:\Number A\Video\189BGA.mp4,3:50
209,E:\Rainbow Number\Video\188FC.mp4,7:22
211,E:\Number SLime\Video\18BFA.mp4,6:21
212,E:\Number A\Video\190BGA.mp4,5:07
214,E:\Number A\Video\192BGB.mp4,4:39
213,E:\Number A\Video\191BGB.mp4,3:57
215,E:\Number A\Video\193BFB.mp4,5:59
216,E:\Number A\Video\194BFB.mp4,4:50
217,E:\Number A\Video\195BFC.mp4,4:55
219,E:\Number A\Video\197BFC.mp4,4:18
218,E:\Number A\Video\196BFC.mp4,5:03
220,E:\Number A\Video\198BFC.mp4,5:48
221,E:\Number A\Video\199BGB.mp4,5:58
222,E:\Number TC\Video\1AE.mp4,8:01
223,E:\Number A\Video\200FB.mp4,8:55
225,E:\Number A\Video\202BGA.mp4,5:22
226,E:\Number A\Video\203BGA.mp4,4:24
224,E:\Number A\Video\201FD.mp4,7:29
227,E:\Number A\Video\204BGA.mp4,4:14
230,E:\Number A\Video\207BGA.mp4,5:04
228,E:\Number A\Video\205BGA.mp4,5:22
231,E:\Rainbow Number\Video\207HC.mp4,5:21
229,E:\Number A\Video\206BGA.mp4,5:01
233,E:\Number TC\Video\20AG.mp4,7:02
232,E:\Number A\Video\209BGA.mp4,4:14
234,E:\Number A\Video\210BGA.mp4,5:30
235,E:\Number A\Video\211BGA.mp4,3:45
238,E:\Number A\Video\215BHC.mp4,5:24
237,E:\Number A\Video\214BHC.mp4,5:07
236,E:\Number A\Video\212BGC.mp4,4:39
239,E:\Number A\Video\216BHC.mp4,5:49
242,E:\Number TC\Video\21AG.mp4,6:22
240,E:\Number A\Video\217BHC.mp4,5:33
241,E:\Number A\Video\219BHC.mp4,5:33
243,E:\Number A\Video\223FBA.mp4,4:04
244,E:\Number A\Video\224FBA.mp4,3:10
245,E:\Number A\Video\225FBA.mp4,4:44
246,E:\Number A\Video\226BFC.mp4,4:10
247,E:\Number A\Video\227BFC.mp4,3:50
249,E:\Number A\Video\229BFC.mp4,3:55
248,E:\Number A\Video\228BFC.mp4,5:17
250,E:\Number A\Video\231BHC.mp4,4:05
253,E:\Number B\Video\237BKC.mp4,3:39
252,E:\Number A\Video\237BHC.mp4,4:36
251,E:\Number A\Video\234BHD_1.mp4,4:25
254,E:\Number A\Video\238BHA.mp4,4:34
255,E:\Number A\Video\239BHA.mp4,3:54
256,E:\Number A\Video\240BHA.mp4,4:35
257,E:\Number SLime\Video\240BKA.mp4,2:51
258,E:\Number SLime\Video\241BKA.mp4,2:28
259,E:\Number A\Video\242BHA.mp4,4:03
261,E:\Number SLime\Video\243BHD.mp4,3:15
260,E:\Number SLime\Video\242BHD.mp4,3:21
263,E:\Number A\Video\245BHA.mp4,4:02
262,E:\Number SLime\Video\244BHA.mp4,2:38
265,E:\Number A\Video\246BC.mp4,4:53
264,E:\Number SLime\Video\245BHA.mp4,3:01
266,E:\Number SLime\Video\246BHD.mp4,4:41
267,E:\Number A\Video\247BC.mp4,5:03
268,E:\Number SLime\Video\247BHD.mp4,4:19
269,E:\Number A\Video\248BC.mp4,4:16
270,E:\Number SLime\Video\248HAA.mp4,4:47
271,E:\Number A\Video\249BHA.mp4,4:30
273,E:\Number SLime\Video\249KLA.mp4,5:33
272,E:\Number B\Video\249BHC.mp4,4:02
274,E:\Number B\Video\250BHC.mp4,3:50
275,E:\Number SLime\Video\250KLA.mp4,4:22
276,E:\Number A\Video\251BGC.mp4,4:01
278,E:\Number SLime\Video\252GLC.mp4,6:39
277,E:\Number SLime\Video\251KLC.mp4,6:18
281,E:\Number SLime\Video\254GLC.mp4,7:04
279,E:\Number A\Video\253BGC.mp4,4:02
280,E:\Number SLime\Video\253GLC.mp4,5:00
284,E:\Number B\Video\258BKD.mp4,3:44
283,E:\Number SLime\Video\257HLA.mp4,6:37
285,E:\Number SLime\Video\258HLA.mp4,7:22
286,E:\Number SLime\Video\259HLA.mp4,6:45
282,E:\Number SLime\Video\256GLF..mp4,6:03
287,E:\Number TC\Video\25AF.mp4,6:09
289,E:\Number SLime\Video\260HLA.mp4,7:15
288,E:\Number B\Video\260BKB.mp4,3:00
290,E:\Number SLime\Video\261KLD.mp4,6:58
291,E:\Number B\Video\262BHB.mp4,3:57
292,E:\Number SLime\Video\262KLD.mp4,6:27
294,E:\Number B\Video\264BHB.mp4,3:05
295,E:\Number SLime\Video\264GLD.mp4,6:49
293,E:\Number B\Video\263BHB.mp4,2:53
297,E:\Number SLime\Video\266GLA.mp4,5:09
296,E:\Number SLime\Video\265KLA.mp4,6:54
299,E:\Number SLime\Video\268GLD.mp4,6:47
300,E:\Rainbow Number\Video\268HG.mp4,3:40
298,E:\Number SLime\Video\267GLG.mp4,6:02
301,E:\Number SLime\Video\269GLD.mp4,4:46
303,E:\Number TC\Video\26AE.mp4,6:27
305,E:\Number SLime\Video\270GLD.mp4,5:54
304,E:\Number B\Video\270BGF.mp4,3:32
302,E:\Rainbow Number\Video\269HG.mp4,3:44
307,E:\Rainbow Number\Video\271HF.mp4,4:47
306,E:\Rainbow Number\Video\270HG.mp4,4:12
308,E:\Number SLime\Video\271HLG.mp4,4:23
309,E:\Number B\Video\272BGB.mp4,3:19
310,E:\Rainbow Number\Video\272KF.mp4,3:14
312,E:\Number SLime\Video\273HLD.mp4,5:43
311,E:\Number B\Video\273BGB.mp4,3:13
313,E:\Rainbow Number\Video\273KF.mp4,3:46
314,E:\Number B\Video\274BGB.mp4,3:02
316,E:\Rainbow Number\Video\274KF.mp4,3:09
319,E:\Number SLime\Video\275HLD.mp4,6:20
315,E:\Number SLime\Video\274HLG.mp4,7:10
320,E:\Number B\Video\276BKC.mp4,3:05
318,E:\Rainbow Number\Video\275GF.mp4,3:54
317,E:\Number B\Video\275BKB.mp4,3:12
321,E:\Rainbow Number\Video\276GF.mp4,3:37
322,E:\Number SLime\Video\276HLA.mp4,5:05
326,E:\Number B\Video\278BKC.mp4,3:04
327,E:\Rainbow Number\Video\278HE - 274A Number A sua lai.mp4,4:41
324,E:\Rainbow Number\Video\277GF.mp4,3:59
325,E:\Number SLime\Video\277HLA.mp4,7:27
323,E:\Number B\Video\277BKC.mp4,3:02
328,E:\Number SLime\Video\278HLA.mp4,5:36
330,E:\Number B\Video\279KLC.mp4,6:26
329,E:\Rainbow Number\Video\279HE - 282A Number A sua lai.mp4,3:58
332,E:\Rainbow Number\Video\280HE - 260A Number A sua lai.mp4,3:19
334,E:\Rainbow Number\Video\281HE - 249A Number A sua lai.mp4,4:48
331,E:\Number TC\Video\27AE.mp4,6:59
335,E:\Number B\Video\281KLB.mp4,5:23
333,E:\Number B\Video\280KLB.mp4,5:37
336,E:\Number B\Video\282GLB.mp4,4:58
337,E:\Number SLime\Video\282GLD.mp4,5:09
341,E:\Number B\Video\284GLE.mp4,7:04
339,E:\Number B\Video\283GLB.mp4,7:00
340,E:\Rainbow Number\Video\283KG.mp4,2:38
338,E:\Rainbow Number\Video\282KG.mp4,4:05
343,E:\Number B\Video\285GLE sua lai.mp4,6:58
342,E:\Rainbow Number\Video\284KG.mp4,3:30
345,E:\Rainbow Number\Video\286G.mp4,5:50
344,E:\Rainbow Number\Video\285KG.mp4,3:14
346,E:\Number B\Video\286GLE sua lai.mp4,6:37
348,E:\Number B\Video\287GLE.mp4,7:05
349,E:\Rainbow Number\Video\288GE - 293A sua lai.mp4,4:24
347,E:\Rainbow Number\Video\287GG.mp4,3:30
350,E:\Number SLime\Video\288GLE sua lai.mp4,6:57
352,E:\Rainbow Number\Video\289HE - 306A.mp4,4:49
351,E:\Number B\Video\288HLG.mp4,6:30
355,E:\Rainbow Number\Video\290BHA.mp4,3:45
353,E:\Number B\Video\289HLG.mp4,7:16
356,E:\Rainbow Number\Video\290HE - 303A sua lai.mp4,4:25
354,E:\Number TC\Video\28AF.mp4,7:44
358,E:\Rainbow Number\Video\291HE - 286A sua lai.mp4,3:52
357,E:\Number B\Video\290HLG.mp4,6:39
360,E:\Rainbow Number\Video\292GE - 336A.mp4,4:15
361,E:\Number B\Video\292KLD.mp4,7:04
359,E:\Number B\Video\291KLD.mp4,5:48
362,E:\Rainbow Number\Video\293GE - 340A sua lai 2.mp4,5:24
363,E:\Number B\Video\293HLD.mp4,6:30
364,E:\Rainbow Number\Video\294GE - 341A.mp4,4:18
365,E:\Number B\Video\294HLD.mp4,6:13
367,E:\Rainbow Number\Video\295KE - 327A.mp4,4:11
366,E:\Number B\Video\295HLG.mp4,8:04
370,E:\Rainbow Number\Video\297KG.mp4,3:40
369,E:\Rainbow Number\Video\296KG.mp4,3:06
372,E:\Rainbow Number\Video\298HG.mp4,3:39
368,E:\Number B\Video\296HLG.mp4,6:19
371,E:\Number B\Video\297KLG.mp4,6:56
373,E:\Number B\Video\298KLG.mp4,5:36
374,E:\Number B\Video\299GLD.mp4,5:17
378,E:\Number B\Video\300GLD.mp4,5:45
380,E:\Number B\Video\301GLD.mp4,5:08
379,E:\Rainbow Number\Video\300HE - 273A.mp4,4:47
376,E:\Number TC\Video\29AF.mp4,5:44
377,E:\Number TC\Video\2AE.mp4,8:23
375,E:\Rainbow Number\Video\299HG.mp4,4:11
381,E:\Rainbow Number\Video\301KE - 369A.mp4,5:23
383,E:\Number B\Video\302GLG.mp4,7:00
382,E:\Rainbow Number\Video\302BHB.mp4,4:37
384,E:\Rainbow Number\Video\302KE - 370A.mp4,4:50
386,E:\Rainbow Number\Video\303KE - 356A.mp4,6:06
387,E:\Number B\Video\304HLG.mp4,5:06
388,E:\Rainbow Number\Video\304KC.mp4,6:25
385,E:\Number B\Video\303HLG.mp4,4:38
389,E:\Number B\Video\305GLG.mp4,7:06
392,E:\Rainbow Number\Video\306HE - 314A.mp4,3:53
391,E:\Number B\Video\306GLG.mp4,6:26
390,E:\Rainbow Number\Video\305HE - 343A.mp4,3:29
395,E:\Rainbow Number\Video\308HE - 323A sua lai.mp4,3:47
396,E:\Rainbow Number\Video\308HE - 323A.mp4,3:49
393,E:\Rainbow Number\Video\307HE - 324A.mp4,3:59
394,E:\Number B\Video\307KCG.mp4,4:53
397,E:\Number B\Video\308KCE sua lai.mp4,5:12
399,E:\Rainbow Number\Video\309GE - 357A.mp4,7:29
398,E:\Number B\Video\308KCE.mp4,5:12
400,E:\Number B\Video\309KCE.mp4,6:11
401,E:\Number TC\Video\30AF.mp4,6:34
403,E:\Number B\Video\310KCE.mp4,5:19
402,E:\Rainbow Number\Video\310GB.mp4,6:15
404,E:\Rainbow Number\Video\311BHG.mp4,3:40
406,E:\Number B\Video\311KCE sua lai.mp4,5:46
405,E:\Rainbow Number\Video\311GB.mp4,4:38
407,E:\Rainbow Number\Video\312BHG.mp4,6:04
409,E:\Number B\Video\312GCE.mp4,5:33
408,E:\Rainbow Number\Video\312GB.mp4,6:34
410,E:\Number B\Video\313GCE sua lai.mp4,5:50
411,E:\Rainbow Number\Video\313KB.mp4,6:54
412,E:\Number B\Video\314GCE sua lai.mp4,6:45
414,E:\Rainbow Number\Video\315HC.mp4,3:47
415,E:\Number B\Video\315KLG.mp4,5:22
417,E:\Number B\Video\316KLG.mp4,4:56
416,E:\Rainbow Number\Video\316HB.mp4,3:41
418,E:\Rainbow Number\Video\317HB.mp4,5:37
413,E:\Rainbow Number\Video\314HB.mp4,3:34
419,E:\Number B\Video\317KCG.mp4,5:21
420,E:\Rainbow Number\Video\318HB.mp4,3:54
421,E:\Number B\Video\318HCG.mp4,5:16
425,E:\Number B\Video\320HCE.mp4,5:22
423,E:\Number B\Video\319HCE sua lai.mp4,5:15
422,E:\Rainbow Number\Video\319HB.mp4,3:52
427,E:\Number B\Video\321HCE.mp4,5:02
424,E:\Number TC\Video\31AF.mp4,4:54
426,E:\Rainbow Number\Video\320KB.mp4,5:11
428,E:\Rainbow Number\Video\321KB.mp4,4:23
429,E:\Rainbow Number\Video\322KB.mp4,5:52
430,E:\Number B\Video\322KCE.mp4,5:13
431,E:\Rainbow Number\Video\323KB.mp4,4:40
432,E:\Number B\Video\323KCE sua lai.mp4,4:58
434,E:\Number B\Video\324KCE.mp4,5:45
433,E:\Rainbow Number\Video\324KB.mp4,4:36
435,E:\Number A\Video\325BHD.mp4,4:18
437,E:\Number B\Video\325KCE sua lai.mp4,5:21
439,E:\Rainbow Number\Video\326KE - 381A.mp4,5:57
436,E:\Rainbow Number\Video\325KB.mp4,5:24
441,E:\Rainbow Number\Video\327KE - 371A.mp4,5:49
438,E:\Number B\Video\326HCE sua lai.mp4,5:37
440,E:\Number B\Video\327HCE_1.mp4,5:00
442,E:\Number B\Video\328HCE_1.mp4,5:37
443,E:\Rainbow Number\Video\328KE - 362A.mp4,6:05
448,E:\Rainbow Number\Video\331GE - 377A.mp4,4:22
444,E:\Number B\Video\329HCA - Thuận đã sửa.mp4,3:52
446,E:\Rainbow Number\Video\330GE - 378A.mp4,4:20
445,E:\Rainbow Number\Video\329KE - 363A.mp4,5:52
450,E:\Rainbow Number\Video\332GE - 376A.mp4,5:18
447,E:\Number B\Video\330HBA - Thuận đã sửa.mp4,4:24
449,E:\Number B\Video\331HBC_1.mp4,4:50
451,E:\Number B\Video\332HBC.mp4,4:11
452,E:\Rainbow Number\Video\333GE - 375A.mp4,4:27
453,E:\Number B\Video\333HBE.mp4,3:58
455,E:\Number B\Video\334HBC-Hiếu.mp4,4:14
454,E:\Rainbow Number\Video\334GE - 346A.mp4,4:57
456,E:\Rainbow Number\Video\335HE - 364A.mp4,8:15
457,E:\Number B\Video\336GBA Hào.mp4,4:04
459,E:\Number B\Video\337 GBC.mp4,4:40
458,E:\Rainbow Number\Video\336HE - 365A.mp4,6:00
461,E:\Number B\Video\338GBC.mp4,4:41
460,E:\Rainbow Number\Video\337HE - 345A sua lai.mp4,4:57
463,E:\Number B\Video\339GBC.mp4,4:33
462,E:\Rainbow Number\Video\338HE - 325A.mp4,3:50
464,E:\Rainbow Number\Video\339KE - 400A sua lai.mp4,5:59
466,E:\Number B\Video\340GBC-Hiếu.mp4,5:31
467,E:\Rainbow Number\Video\340KE - 401A.mp4,5:37
465,E:\Number A\Video\340BGC.mp4,3:34
469,E:\Rainbow Number\Video\341HE - 329A.mp4,3:27
468,E:\Number A\Video\341BGC.mp4,4:03
470,E:\Number B\Video\341KBE.mp4,4:02
472,E:\Rainbow Number\Video\342HC.mp4,6:01
471,E:\Number A\Video\342BGB.mp4,4:06
473,E:\Number SLime\Video\342HCD.mp4,4:51
474,E:\Number B\Video\342KLE.mp4,6:26
476,E:\Rainbow Number\Video\343GE - 389A.mp4,5:00
478,E:\Number A\Video\344BHD.mp4,3:08
475,E:\Number A\Video\343BGB.mp4,3:53
477,E:\Number B\Video\343KLE.mp4,7:04
479,E:\Rainbow Number\Video\344GE - 390A.mp4,5:02
480,E:\Number B\Video\344KCE.mp4,5:06
481,E:\Number A\Video\345HAD.mp4,4:04
482,E:\Rainbow Number\Video\345KC-Hiếu.mp4,6:24
483,E:\Number B\Video\345KCE.mp4,4:35
484,E:\Number A\Video\346GAD.mp4,4:37
485,E:\Rainbow Number\Video\346KC-Hiếu_.mp4,5:52
486,E:\Number B\Video\346KCD.mp4,5:02
488,E:\Rainbow Number\Video\347HC-Hiếu.mp4,3:39
489,E:\Number B\Video\347KCC-Hiếu.mp4,5:35
490,E:\Number A\Video\348GLA.mp4,6:27
487,E:\Number A\Video\347GLD.mp4,5:46
492,E:\Rainbow Number\Video\348HC-Hiếu.mp4,7:36
494,E:\Rainbow Number\Video\349GC.mp4,5:43
493,E:\Number B\Video\348KCC-Hiếu.mp4,6:07
491,E:\Number SLime\Video\348HBD.mp4,3:59
496,E:\Number B\Video\349KCC-Hiếu.mp4,6:28
495,E:\Number A\Video\349GLA.mp4,7:04
499,E:\Rainbow Number\Video\350GC-Hiếu.mp4,4:35
500,E:\Number A\Video\350HLA.mp4,5:35
498,E:\Number B\Video\34BFA.mp4,7:22
501,E:\Number B\Video\350KCD.mp4,6:13
497,E:\Number TC\Video\34ACG.mp4,8:09
502,E:\Rainbow Number\Video\351GC-Hiếu.mp4,4:29
505,E:\Rainbow Number\Video\352GC-Hiếu.mp4,4:35
503,E:\Number A\Video\351HLA.mp4,6:33
507,E:\Number B\Video\352KCF.mp4,5:35
504,E:\Number B\Video\351KCD.mp4,6:42
508,E:\Number A\Video\353GLC.mp4,6:33
506,E:\Number A\Video\352GLC.mp4,6:40
509,E:\Rainbow Number\Video\353KC-Hiếu.mp4,5:51
510,E:\Number B\Video\353KCF.mp4,4:54
511,E:\Number B\Video\354HCA Hào.mp4,5:52
512,E:\Number A\Video\354HLC.mp4,7:43
515,E:\Number B\Video\355HCA Hào.mp4,5:44
516,E:\Number A\Video\355HLD.mp4,6:04
517,E:\Number A\Video\356GLA.mp4,6:58
514,E:\Rainbow Number\Video\355HC-Hiếu.mp4,3:40
513,E:\Rainbow Number\Video\354KC-Hiếu.mp4,5:19
518,E:\Rainbow Number\Video\356HE - 366A.mp4,5:23
520,E:\Number A\Video\357GLA.mp4,6:40
519,E:\Number B\Video\356HLE.mp4,5:37
522,E:\Number B\Video\357HLE sua lai.mp4,6:08
523,E:\Number A\Video\358GLA.mp4,4:44
524,E:\Rainbow Number\Video\358HE - 300A.mp4,3:26
521,E:\Rainbow Number\Video\357HE - 299A.mp4,4:09
525,E:\Number SLime\Video\358KBE sua lai.mp4,4:18
527,E:\Rainbow Number\Video\359HE - 372A.mp4,5:34
528,E:\Number A\Video\359KLA.mp4,5:49
529,E:\Number B\Video\359KLE.mp4,6:06
532,E:\Rainbow Number\Video\360HE - 374A.mp4,5:12
526,E:\Number B\Video\358KLE.mp4,5:35
531,E:\Number B\Video\35BFA.mp4,6:25
530,E:\Number TC\Video\35ACD.mp4,7:05
533,E:\Number SLime\Video\360HLD.mp4,6:17
534,E:\Number B\Video\360KBE.mp4,4:20
538,E:\Number B\Video\361KBE sua lai.mp4,4:03
539,E:\Number A\Video\361KLC.mp4,5:51
536,E:\Rainbow Number\Video\361HE - 395A.mp4,3:20
535,E:\Number A\Video\360KLC.mp4,6:00
540,E:\Rainbow Number\Video\362HE - 396A.mp4,5:26
541,E:\Number SLime\Video\362HLD.mp4,6:03
537,E:\Number SLime\Video\361HLB.mp4,6:13
543,E:\Number A\Video\362KLC.mp4,5:21
544,E:\Number SLime\Video\363GBE.mp4,5:12
546,E:\Number A\Video\363HLC.mp4,5:59
542,E:\Number B\Video\362KBE.mp4,4:22
545,E:\Rainbow Number\Video\363HE - 397A.mp4,6:12
547,E:\Number B\Video\363KBE.mp4,4:11
548,E:\Number SLime\Video\364GBE.mp4,4:41
549,E:\Number A\Video\364HLC.mp4,7:47
552,E:\Number SLime\Video\365GBE.mp4,4:47
553,E:\Number A\Video\365HLA.mp4,5:24
554,E:\Number B\Video\365HLD.mp4,5:56
550,E:\Number B\Video\364KBE.mp4,3:40
551,E:\Rainbow Number\Video\364KE - 421A.mp4,4:54
555,E:\Rainbow Number\Video\365KE - 419A.mp4,5:00
556,E:\Number SLime\Video\366GBE.mp4,4:24
557,E:\Number A\Video\366HLA.mp4,5:24
558,E:\Number B\Video\366HLD.mp4,5:34
559,E:\Rainbow Number\Video\366KE - 417A.mp4,6:28
561,E:\Number B\Video\367HLD.mp4,5:55
560,E:\Number SLime\Video\367GLB.mp4,5:48
562,E:\Number A\Video\367KCB.mp4,4:54
565,E:\Number B\Video\368HLD.mp4,6:44
567,E:\Rainbow Number\Video\368KE - 418A.mp4,5:33
566,E:\Number A\Video\368KCC.mp4,4:52
563,E:\Rainbow Number\Video\367KE - 415A.mp4,5:24
564,E:\Number SLime\Video\368GLC.mp4,6:37
569,E:\Number B\Video\369HLD.mp4,6:19
568,E:\Number SLime\Video\369GLB.mp4,6:12
570,E:\Number A\Video\369KCA.mp4,4:46
571,E:\Rainbow Number\Video\369KE - 420A.mp4,4:55
573,E:\Number B\Video\36DA.mp4,5:46
575,E:\Number B\Video\370HLD.mp4,5:51
574,E:\Rainbow Number\Video\36FBA.mp4,6:36
576,E:\Number A\Video\370KCA.mp4,4:26
572,E:\Number TC\Video\36ACC.mp4,7:49
577,E:\Rainbow Number\Video\370KE - 416A.mp4,5:11
579,E:\Rainbow Number\Video\371GE - 413A.mp4,6:05
578,E:\Number SLime\Video\370KLB.mp4,6:31
580,E:\Number B\Video\371HLD.mp4,6:39
581,E:\Number A\Video\371KCE sua lai.mp4,5:06
582,E:\Number SLime\Video\371KLD.mp4,5:36
583,E:\Rainbow Number\Video\372GC.mp4,4:50
584,E:\Number B\Video\372GLD.mp4,7:33
585,E:\Number A\Video\372HCB.mp4,5:24
586,E:\Number SLime\Video\372KLD.mp4,6:18
587,E:\Number B\Video\373GLF.mp4,5:17
589,E:\Rainbow Number\Video\373KD.mp4,6:15
590,E:\Number SLime\Video\373KLD.mp4,5:32
591,E:\Number B\Video\374HBF.mp4,3:34
588,E:\Number A\Video\373HCB.mp4,4:58
592,E:\Number A\Video\374HCB.mp4,5:27
593,E:\Rainbow Number\Video\374KD.mp4,5:56
595,E:\Number A\Video\375BGD.mp4,4:26
596,E:\Number B\Video\375HBF.mp4,5:24
597,E:\Rainbow Number\Video\375HD.mp4,4:51
594,E:\Number SLime\Video\374KLB.mp4,5:52
599,E:\Number A\Video\376BGD.mp4,4:49
600,E:\Number B\Video\376HBF.mp4,3:44
601,E:\Rainbow Number\Video\376HD.mp4,5:09
598,E:\Number SLime\Video\375KLB.mp4,6:35
604,E:\Number SLime\Video\377GDD.mp4,6:13
605,E:\Number B\Video\377HBF.mp4,3:50
603,E:\Number A\Video\377BGG.mp4,4:32
602,E:\Number SLime\Video\376KLB.mp4,5:45
606,E:\Rainbow Number\Video\377HD.mp4,4:08
608,E:\Number SLime\Video\378GDD.mp4,6:03
607,E:\Number A\Video\378BGG.mp4,4:26
609,E:\Number B\Video\378HBF.mp4,5:13
612,E:\Number B\Video\379GBE.mp4,3:59
611,E:\Number A\Video\379BHG.mp4,3:41
610,E:\Rainbow Number\Video\378KB - 424A.mp4,4:31
615,E:\Number TC\Video\37ACF.mp4,6:48
613,E:\Number SLime\Video\379GDB vali.mp4,5:02
616,E:\Number B\Video\37DA.mp4,6:47
614,E:\Rainbow Number\Video\379KB - 429A.mp4,6:32
617,E:\Rainbow Number\Video\37FBA.mp4,4:57
618,E:\Number A\Video\380BHG.mp4,4:11
619,E:\Number SLime\Video\380GDD.mp4,5:40
621,E:\Number B\Video\380KBD.mp4,4:43
624,E:\Number A\Video\381KCE. sua lai.mp4,6:56
623,E:\Number B\Video\381KBC.mp4,3:35
622,E:\Rainbow Number\Video\381HB - 373A.mp4,4:37
620,E:\Rainbow Number\Video\380KB - 427A.mp4,6:12
625,E:\Number A\Video\381KCE.mp4,6:56
627,E:\Number A\Video\382GCE sua lai.mp4,5:30
626,E:\Number SLime\Video\381KLC.mp4,5:39
628,E:\Number A\Video\382GCE.mp4,5:30
630,E:\Number B\Video\382KBC.mp4,4:04
631,E:\Number SLime\Video\382KLC.mp4,6:40
629,E:\Rainbow Number\Video\382HB - 439A.mp4,6:07
633,E:\Number B\Video\383KBC.mp4,4:43
634,E:\Number A\Video\383KCD.mp4,5:16
632,E:\Rainbow Number\Video\383GB - 394A.mp4,3:27
635,E:\Number SLime\Video\383KLC.mp4,6:49
636,E:\Rainbow Number\Video\384GB - 408A.mp4,4:03
637,E:\Number B\Video\384KBC.mp4,3:35
638,E:\Number A\Video\384KCD.mp4,4:56
639,E:\Number SLime\Video\384KLC.mp4,5:19
640,E:\Number A\Video\385BKG.mp4,4:19
641,E:\Rainbow Number\Video\385GC.mp4,7:12
642,E:\Number B\Video\385KLC.mp4,5:57
643,E:\Number SLime\Video\385KLD.mp4,6:40
645,E:\Rainbow Number\Video\386GC.mp4,5:29
646,E:\Number B\Video\386GLC.mp4,5:05
644,E:\Number A\Video\386BKG.mp4,4:03
647,E:\Number SLime\Video\386KLA.mp4,5:00
649,E:\Rainbow Number\Video\387GC.mp4,6:33
650,E:\Number B\Video\387GLC.mp4,5:38
651,E:\Number SLime\Video\387KLD.mp4,5:16
648,E:\Number A\Video\387BKG.mp4,3:22
653,E:\Number B\Video\388GLC.mp4,5:40
654,E:\Rainbow Number\Video\388KC.mp4,5:46
652,E:\Number A\Video\388BKG.mp4,4:57
656,E:\Number A\Video\389BGA.mp4,4:02
657,E:\Rainbow Number\Video\389HF - 441A.mp4,5:34
658,E:\Number B\Video\389HLC.mp4,5:41
655,E:\Number SLime\Video\388KLD.mp4,6:32
659,E:\Number SLime\Video\389KLD.mp4,5:59
660,E:\Number B\Video\38BFA.mp4,6:09
662,E:\Number TC\Video\38GAD.mp4,5:28
664,E:\Rainbow Number\Video\390HF - 430A.mp4,5:35
661,E:\Rainbow Number\Video\38FBA.mp4,5:46
663,E:\Number A\Video\390BGA.mp4,4:16
666,E:\Number SLime\Video\390HLD.mp4,5:19
665,E:\Number B\Video\390HLB.mp4,4:55
667,E:\Number A\Video\391BGA.mp4,4:07
668,E:\Rainbow Number\Video\391HA.mp4,5:47
672,E:\Rainbow Number\Video\392GF - 445A.mp4,5:30
671,E:\Number A\Video\392BKE.mp4,4:40
670,E:\Number SLime\Video\391HLD.mp4,5:59
673,E:\Number SLime\Video\392HLD.mp4,6:14
675,E:\Number A\Video\393BKE.mp4,3:41
669,E:\Number B\Video\391HLB.mp4,7:02
676,E:\Rainbow Number\Video\393GF - 446A.mp4,4:45
674,E:\Number B\Video\392KLB.mp4,6:30
677,E:\Number SLime\Video\393HDA.mp4,4:49
678,E:\Number B\Video\393KLF.mp4,6:33
679,E:\Number A\Video\394BKE.mp4,3:50
680,E:\Rainbow Number\Video\394GF - 339A.mp4,2:53
682,E:\Number B\Video\394KLF.mp4,5:22
681,E:\Number SLime\Video\394HDA.mp4,5:50
683,E:\Number A\Video\395BHE sua lai.mp4,3:11
685,E:\Rainbow Number\Video\395KA.mp4,5:55
686,E:\Number B\Video\395KDC.mp4,5:21
687,E:\Number A\Video\396HCE.mp4,5:48
684,E:\Number SLime\Video\395HLD.mp4,5:35
690,E:\Number SLime\Video\396KLA.mp4,6:12
688,E:\Rainbow Number\Video\396KA.mp4,4:44
691,E:\Rainbow Number\Video\397HA.mp4,5:31
692,E:\Number A\Video\397HCE.mp4,6:00
689,E:\Number B\Video\396KDB.mp4,4:35
695,E:\Rainbow Number\Video\398HA.mp4,4:19
694,E:\Number SLime\Video\397KLA.mp4,5:30
693,E:\Number B\Video\397KDB.mp4,4:17
696,E:\Number A\Video\398KCE.mp4,5:41
698,E:\Number SLime\Video\398KLA.mp4,5:32
697,E:\Number B\Video\398KDB.mp4,4:49
699,E:\Rainbow Number\Video\399HB - 404A.mp4,4:37
700,E:\Number A\Video\399KCS.mp4,5:28
702,E:\Number SLime\Video\399KLA.mp4,5:53
701,E:\Number B\Video\399KDB.mp4,4:52
704,E:\Rainbow Number\Video\39FBA.mp4,6:08
703,E:\Number B\Video\39DA.mp4,4:58
705,E:\Number TC\Video\39GAD.mp4,5:25
708,E:\Number A\Video\400KCS.mp4,6:14
707,E:\Rainbow Number\Video\400KC.mp4,6:39
709,E:\Number SLime\Video\400KLD.mp4,7:07
706,E:\Number B\Video\400HDB.mp4,4:20
711,E:\Number B\Video\401HLF.mp4,6:55
712,E:\Rainbow Number\Video\401KC.mp4,5:36
710,E:\Number SLime\Video\401HLE.mp4,4:42
713,E:\Number A\Video\401KCS.mp4,5:36
717,E:\Rainbow Number\Video\402KD.mp4,5:13
716,E:\Number A\Video\402KCE.mp4,4:38
715,E:\Number SLime\Video\402HLE.mp4,4:56
719,E:\Number SLime\Video\403HLE.mp4,6:17
714,E:\Number B\Video\402HLB.mp4,5:39
720,E:\Number A\Video\403KCE.mp4,5:49
718,E:\Number B\Video\403HLB.mp4,6:19
721,E:\Rainbow Number\Video\403KF - 448A.mp4,4:59
724,E:\Number A\Video\404KCE.mp4,4:52
725,E:\Rainbow Number\Video\404KD.mp4,5:09
723,E:\Number B\Video\404HLD.mp4,7:15
722,E:\Number SLime\Video\404GLB.mp4,5:45
728,E:\Number B\Video\405HLD.mp4,7:08
726,E:\Rainbow Number\Video\405GB - 453A.mp4,6:36
727,E:\Number SLime\Video\405GLB.mp4,5:18
729,E:\Number A\Video\405KCE sua lai.mp4,5:44
732,E:\Number B\Video\406GLD.mp4,5:23
733,E:\Number A\Video\406KCS.mp4,6:20
734,E:\Rainbow Number\Video\407GF - 454A.mp4,6:12
730,E:\Rainbow Number\Video\406GB - 452A.mp4,5:46
731,E:\Number SLime\Video\406GLB.mp4,6:35
735,E:\Number SLime\Video\407GLB.mp4,6:21
736,E:\Number B\Video\407GLD.mp4,6:34
739,E:\Rainbow Number\Video\408GF - 451A.mp4,5:02
737,E:\Number A\Video\407HCS.mp4,4:37
738,E:\Number A\Video\408GCE.mp4,4:17
741,E:\Number B\Video\408GLD.mp4,5:58
740,E:\Number SLime\Video\408GLB.mp4,4:59
742,E:\Number A\Video\409GCE sua lai.mp4,5:11
744,E:\Number B\Video\409GLD.mp4,5:35
745,E:\Rainbow Number\Video\409HF - 435A.mp4,5:05
746,E:\Number B\Video\40BFA.mp4,6:47
743,E:\Number SLime\Video\409GLB.mp4,5:10
747,E:\Rainbow Number\Video\40FBA.mp4,5:30
748,E:\Number TC\Video\40GAD.mp4,4:08
750,E:\Number SLime\Video\410GLE.mp4,5:03
749,E:\Number A\Video\410GCE.mp4,6:30
752,E:\Number B\Video\410KLD.mp4,6:03
751,E:\Rainbow Number\Video\410HF - 438A.mp4,4:58
754,E:\Number SLime\Video\411GLD.mp4,5:58
753,E:\Number A\Video\411GCE sua lai.mp4,6:16
758,E:\Number SLime\Video\412GLD.mp4,5:25
756,E:\Number B\Video\411KLD.mp4,5:33
757,E:\Number A\Video\412GCE sua lai.mp4,5:43
755,E:\Rainbow Number\Video\411HB - 434A.mp4,5:45
760,E:\Number B\Video\412KLD.mp4,6:21
761,E:\Number A\Video\413GCE sua lai.mp4,6:24
762,E:\Number SLime\Video\413GLD.mp4,6:12
763,E:\Rainbow Number\Video\413HF - 460A.mp4,4:17
764,E:\Number B\Video\413KLF.mp4,5:03
759,E:\Rainbow Number\Video\412HB - 456A.mp4,6:10
765,E:\Number SLime\Video\414GLD.mp4,6:02
766,E:\Rainbow Number\Video\414HF - 479A.mp4,5:57
768,E:\Number B\Video\414KLF.mp4,4:47
767,E:\Number A\Video\414KCE sua lai.mp4,5:32
769,E:\Number SLime\Video\415GLF.mp4,4:39
771,E:\Number A\Video\415KCE sua lai.mp4,5:18
770,E:\Rainbow Number\Video\415HF - 484A.mp4,6:11
773,E:\Number A\Video\416GCE.mp4,5:48
772,E:\Number B\Video\415KLF.mp4,6:06
774,E:\Number SLime\Video\416GDD.mp4,3:48
775,E:\Rainbow Number\Video\416HF - 462A.mp4,4:24
777,E:\Number A\Video\417GCE sua lai.mp4,6:33
779,E:\Rainbow Number\Video\417HF - 461A.mp4,5:41
778,E:\Number SLime\Video\417GDF.mp4,4:34
781,E:\Number A\Video\418GCE sua lai.mp4,5:54
776,E:\Number B\Video\416HLA.mp4,5:00
780,E:\Number B\Video\417HLB.mp4,6:34
782,E:\Number SLime\Video\418GDF.mp4,4:38
784,E:\Rainbow Number\Video\418KF - 451A.mp4,5:00
783,E:\Number B\Video\418HLF.mp4,4:26
785,E:\Number A\Video\419GCE sua lai.mp4,5:37
788,E:\Number B\Video\419KLF.mp4,4:58
787,E:\Rainbow Number\Video\419KE - 414A.mp4,6:00
786,E:\Number SLime\Video\419GDB.mp4,4:19
790,E:\Rainbow Number\Video\41FBA.mp4,5:36
793,E:\Number SLime\Video\420GDD.mp4,4:40
789,E:\Number B\Video\41BFA.mp4,7:13
792,E:\Number A\Video\420BHE.mp4,4:47
794,E:\Rainbow Number\Video\420HD.mp4,5:51
795,E:\Number B\Video\420KLF.mp4,5:42
791,E:\Number TC\Video\41GAC.mp4,5:24
796,E:\Number SLime\Video\421GDD.mp4,4:30
798,E:\Number B\Video\421KLE.mp4,5:11
799,E:\Number A\Video\422BHE.mp4,5:11
800,E:\Number SLime\Video\422GDD.mp4,4:34
797,E:\Rainbow Number\Video\421HD.mp4,4:39
801,E:\Rainbow Number\Video\422HD.mp4,5:05
802,E:\Number B\Video\422KLD.mp4,6:04
803,E:\Number A\Video\423BHE.mp4,4:23
805,E:\Rainbow Number\Video\423HD.mp4,5:23
806,E:\Number B\Video\423KLD.mp4,5:38
807,E:\Rainbow Number\Video\424GD.mp4,7:11
809,E:\Number A\Video\424HCE.mp4,4:56
808,E:\Number SLime\Video\424GDB.mp4,4:55
810,E:\Number B\Video\424KLD.mp4,6:30
804,E:\Number SLime\Video\423GDB.mp4,4:36
811,E:\Rainbow Number\Video\425GD.mp4,6:14
813,E:\Number B\Video\425KLD.mp4,5:33
814,E:\Number A\Video\425KLE.mp4,6:19
815,E:\Rainbow Number\Video\426GD.mp4,7:30
812,E:\Number SLime\Video\425GDB.mp4,5:30
817,E:\Number B\Video\426KLD.mp4,5:15
818,E:\Number A\Video\426KLE sua lai.mp4,5:38
819,E:\Number A\Video\426KLE.mp4,5:38
816,E:\Number SLime\Video\426GDB.mp4,4:05
820,E:\Rainbow Number\Video\427EF - 457A.mp4,5:03
822,E:\Number B\Video\427HLD.mp4,6:18
823,E:\Number A\Video\427KLE sua lai.mp4,6:54
824,E:\Number A\Video\427KLE.mp4,6:54
821,E:\Number SLime\Video\427GDB.mp4,3:39
825,E:\Rainbow Number\Video\428EF - 458A.mp4,5:29
826,E:\Number SLime\Video\428GLD.mp4,5:09
827,E:\Number B\Video\428HLF.mp4,5:55
828,E:\Number A\Video\428KLE.mp4,6:32
830,E:\Number SLime\Video\429GLD.mp4,5:58
829,E:\Rainbow Number\Video\429EB.mp4,5:08
831,E:\Number B\Video\429HLF.mp4,5:16
833,E:\Number B\Video\42BFA.mp4,6:10
832,E:\Number A\Video\429KLE.mp4,7:12
834,E:\Rainbow Number\Video\42FBA.mp4,6:09
835,E:\Number TC\Video\42GAB.mp4,7:56
837,E:\Number SLime\Video\430HLD.mp4,6:23
838,E:\Number B\Video\430HLF.mp4,4:49
839,E:\Number A\Video\430KLC-Hiếu.mp4,6:22
836,E:\Rainbow Number\Video\430EB.mp4,6:58
841,E:\Number B\Video\431HBF.mp4,3:28
842,E:\Number SLime\Video\431HLD.mp4,4:20
843,E:\Number A\Video\431KLC-Hiếu.mp4,6:18
840,E:\Rainbow Number\Video\431EB.mp4,5:50
844,E:\Rainbow Number\Video\432EF - 473A.mp4,6:04
845,E:\Number SLime\Video\432HLD.mp4,5:46
847,E:\Number A\Video\432KLC-Hiếu.mp4,6:57
846,E:\Number B\Video\432HLF.mp4,4:36
848,E:\Number B\Video\433GBF.mp4,3:48
849,E:\Number SLime\Video\433GLF.mp4,4:43
851,E:\Number A\Video\433KLC - Hiếu.mp4,7:16
852,E:\Number B\Video\434GLF.mp4,4:14
850,E:\Rainbow Number\Video\433HB.mp4,6:00
854,E:\Number A\Video\434KCC-Hiếu.mp4,6:07
855,E:\Number B\Video\435GBF.mp4,3:47
853,E:\Rainbow Number\Video\434HB.mp4,5:49
857,E:\Number SLime\Video\435HBD.mp4,3:01
856,E:\Rainbow Number\Video\435HB.mp4,5:53
858,E:\Number A\Video\435HCC-Hiếu.mp4,5:03
860,E:\Number SLime\Video\436HBD.mp4,3:04
861,E:\Number A\Video\436HCD.mp4,5:39
859,E:\Number B\Video\436GBB.mp4,3:39
862,E:\Rainbow Number\Video\436HD.mp4,5:44
864,E:\Number SLime\Video\437HBD.mp4,3:09
863,E:\Number B\Video\437GBB.mp4,3:27
866,E:\Rainbow Number\Video\437HD.mp4,6:56
867,E:\Number B\Video\438GBB.mp4,3:50
865,E:\Number A\Video\437HCA Thuận.mp4,5:40
868,E:\Rainbow Number\Video\438HB.mp4,4:13
869,E:\Number A\Video\438HCA Thuận.mp4,5:08
870,E:\Number SLime\Video\438HLF.mp4,4:34
871,E:\Number B\Video\439GBB.mp4,3:22
873,E:\Number SLime\Video\439HBB.mp4,2:34
872,E:\Rainbow Number\Video\439HB.mp4,7:21
874,E:\Number A\Video\439HCC-Hiếu.mp4,6:14
875,E:\Number B\Video\43BFA.mp4,6:59
876,E:\Rainbow Number\Video\43FC.mp4,5:29
880,E:\Number A\Video\440HCD.mp4,5:19
877,E:\Number B\Video\440GBB.mp4,3:42
878,E:\Rainbow Number\Video\440HB.mp4,6:18
882,E:\Rainbow Number\Video\441EF - 443A.mp4,5:05
879,E:\Number SLime\Video\440HBB.mp4,3:16
883,E:\Number B\Video\441HBF.mp4,2:51
881,E:\Number SLime\Video\441DBB.mp4,3:26
884,E:\Number A\Video\441HCD.mp4,5:26
885,E:\Number SLime\Video\442DBB.mp4,3:31
886,E:\Rainbow Number\Video\442EB.mp4,5:42
888,E:\Number A\Video\442HCD.mp4,5:49
889,E:\Number SLime\Video\443DBD.mp4,3:06
887,E:\Number B\Video\442HBF.mp4,3:26
891,E:\Number B\Video\443HBF.mp4,3:27
892,E:\Number A\Video\443HLF.mp4,5:26
890,E:\Rainbow Number\Video\443EB.mp4,6:21
894,E:\Rainbow Number\Video\444EF - 463A.mp4,3:44
893,E:\Number SLime\Video\444DBF.mp4,3:31
899,E:\Number A\Video\445GCD.mp4,5:39
895,E:\Number B\Video\444HBF.mp4,2:59
897,E:\Number SLime\Video\445DBF.mp4,3:48
898,E:\Rainbow Number\Video\445EF - 464A.mp4,4:00
896,E:\Number A\Video\444KLF.mp4,6:08
900,E:\Number B\Video\445HBF.mp4,3:13
902,E:\Rainbow Number\Video\446EF - 465A.mp4,3:38
903,E:\Number A\Video\446GCD.mp4,4:41
904,E:\Number B\Video\446KDD.mp4,5:31
906,E:\Number A\Video\447GCD.mp4,6:13
905,E:\Rainbow Number\Video\447EF - 475A.mp4,5:51
907,E:\Number B\Video\447KDD.mp4,5:32
901,E:\Number SLime\Video\446DDB.mp4,4:42
911,E:\Number B\Video\448KDD.mp4,4:03
910,E:\Number A\Video\448GCD.mp4,5:39
909,E:\Rainbow Number\Video\448EF - 470A.mp4,5:41
913,E:\Number A\Video\449GCD.mp4,5:57
908,E:\Number SLime\Video\448DDB.mp4,3:52
912,E:\Number SLime\Video\449DDB.mp4,3:22
915,E:\Number B\Video\449HBB.mp4,3:13
914,E:\Rainbow Number\Video\449HB.mp4,5:15
918,E:\Number SLime\Video\450DDD.mp4,5:23
919,E:\Number A\Video\450GCD.mp4,5:12
917,E:\Rainbow Number\Video\44FC.mp4,7:31
916,E:\Number B\Video\44BFA.mp4,6:25
923,E:\Number A\Video\451GCD.mp4,5:19
922,E:\Number SLime\Video\451DDD.mp4,5:25
920,E:\Rainbow Number\Video\450HB.mp4,6:26
926,E:\Number SLime\Video\452DDD.mp4,5:06
921,E:\Number B\Video\450HBB.mp4,3:13
927,E:\Number A\Video\452GLD.mp4,5:52
925,E:\Rainbow Number\Video\452DB.mp4,4:56
928,E:\Number B\Video\452KDD.mp4,3:53
930,E:\Number SLime\Video\453DDD.mp4,5:06
924,E:\Number B\Video\451HBB.mp4,2:53
931,E:\Number A\Video\453GLD.mp4,6:47
929,E:\Rainbow Number\Video\453DB.mp4,4:50
932,E:\Number B\Video\453KDD.mp4,3:59
934,E:\Number SLime\Video\454DDD.mp4,4:35
935,E:\Number A\Video\454GLD.mp4,6:35
933,E:\Rainbow Number\Video\454DB.mp4,6:02
936,E:\Number B\Video\454KDB.mp4,4:50
939,E:\Number A\Video\455GLD.mp4,6:40
937,E:\Rainbow Number\Video\455DB.mp4,5:31
938,E:\Number SLime\Video\455DDD.mp4,3:49
940,E:\Number B\Video\455HBB.mp4,3:21
942,E:\Number SLime\Video\456DDD.mp4,4:30
943,E:\Number A\Video\456GLD.mp4,6:57
945,E:\Number SLime\Video\457DDE sua lai.mp4,4:20
944,E:\Number B\Video\456HBF.mp4,2:43
946,E:\Number A\Video\457GLD.mp4,6:22
947,E:\Number B\Video\457HBF.mp4,3:21
941,E:\Rainbow Number\Video\456DB.mp4,6:59
948,E:\Number SLime\Video\458DDE.mp4,4:22
949,E:\Number B\Video\458DDF.mp4,5:01
950,E:\Number A\Video\458GLD.mp4,6:05
951,E:\Number SLime\Video\459DDF.mp4,5:46
952,E:\Number A\Video\459GLD.mp4,5:34
953,E:\Number B\Video\45BFA.mp4,6:54
954,E:\Rainbow Number\Video\45FC.mp4,6:02
956,E:\Number SLime\Video\460DDD.mp4,5:03
955,E:\Number TC\Video\45KAB.mp4,4:44
959,E:\Number SLime\Video\461KBF.mp4,3:31
957,E:\Number A\Video\460GBE.mp4,4:17
958,E:\Number A\Video\461GLE.mp4,6:09
962,E:\Number A\Video\462KBE.mp4,5:12
961,E:\Rainbow Number\Video\462DE - 414 slime.mp4,5:14
960,E:\Number B\Video\462DBB.mp4,3:22
963,E:\Number SLime\Video\462KBF.mp4,3:47
964,E:\Rainbow Number\Video\463DE - 413 slime.mp4,5:34
967,E:\Rainbow Number\Video\464DE - 409B.mp4,4:39
965,E:\Number A\Video\463KBE.mp4,4:16
966,E:\Number SLime\Video\463KBE.mp4,3:38
969,E:\Number SLime\Video\464KBE.mp4,3:35
970,E:\Rainbow Number\Video\465DE - 404B.mp4,6:33
968,E:\Number A\Video\464HBE.mp4,4:26
971,E:\Number A\Video\465GBE.mp4,4:36
972,E:\Number SLime\Video\465KBF.mp4,3:20
973,E:\Rainbow Number\Video\466DE - 485A.mp4,5:53
974,E:\Number A\Video\466GBE.mp4,4:36
977,E:\Number A\Video\467GLE.mp4,7:33
976,E:\Number SLime\Video\466KBF.mp4,2:47
975,E:\Number B\Video\466KBB.mp4,4:10
978,E:\Rainbow Number\Video\467KB.mp4,6:33
980,E:\Number A\Video\468GLE.mp4,6:03
982,E:\Number SLime\Video\468KBD.mp4,4:17
979,E:\Number B\Video\467KBB.mp4,4:17
983,E:\Number A\Video\469GLE.mp4,6:20
981,E:\Number B\Video\468KBB.mp4,4:46
984,E:\Number B\Video\469KBB.mp4,3:28
985,E:\Number SLime\Video\469KBF.mp4,2:47
986,E:\Rainbow Number\Video\469KF - 477A.mp4,5:44
987,E:\Number B\Video\46BFA.mp4,6:58
988,E:\Rainbow Number\Video\46FBA.mp4,5:45
991,E:\Number B\Video\470KBD.mp4,3:46
990,E:\Number A\Video\470GLE.mp4,6:29
993,E:\Number A\Video\471GLD.mp4,6:52
989,E:\Number TC\Video\46KAB.mp4,4:13
992,E:\Rainbow Number\Video\470KF - 476A.mp4,6:20
995,E:\Number SLime\Video\471KBD.mp4,3:47
996,E:\Rainbow Number\Video\471KF - 510A.mp4,6:01
994,E:\Number B\Video\471KBB.mp4,3:17
997,E:\Number A\Video\472GLD.mp4,5:28
1000,E:\Number A\Video\473GLD.mp4,7:13
999,E:\Rainbow Number\Video\472KF - 511A.mp4,5:37
1001,E:\Number B\Video\473KBB.mp4,3:23
998,E:\Number B\Video\472KBB.mp4,3:26
1002,E:\Number A\Video\474HLC.mp4,7:21
1003,E:\Number A\Video\475HLC.mp4,6:20
1004,E:\Rainbow Number\Video\475KB.mp4,3:30
1005,E:\Number A\Video\476HLC.mp4,6:27
1006,E:\Number SLime\Video\476KBD.mp4,4:16
1007,E:\Number A\Video\477HLC.mp4,6:01
1009,E:\Number SLime\Video\477KBD.mp4,3:16
1010,E:\Number A\Video\478HLC.mp4,7:25
1008,E:\Rainbow Number\Video\477KB.mp4,3:26
1011,E:\Number A\Video\479HLD.mp4,6:14
1012,E:\Number B\Video\47BFA.mp4,6:29
1013,E:\Rainbow Number\Video\47FBA.mp4,7:02
1015,E:\Number A\Video\480HDC.mp4,6:25
1014,E:\Number TC\Video\47HAB.mp4,4:53
1016,E:\Number A\Video\481GDC.mp4,5:07
1017,E:\Number A\Video\482GDC.mp4,7:01
1018,E:\Number A\Video\483GDC.mp4,7:36
1019,E:\Number A\Video\484GLD.mp4,6:45
1020,E:\Number A\Video\485HDA.mp4,6:13
1021,E:\Number A\Video\486HDD.mp4,6:49
1023,E:\Number A\Video\488HLD.mp4,6:46
1022,E:\Number A\Video\487HLD.mp4,5:57
1024,E:\Number A\Video\489GLD.mp4,7:54
1025,E:\Number B\Video\48BFA.mp4,7:00
1027,E:\Number A\Video\490GLD.mp4,6:47
1026,E:\Rainbow Number\Video\48BFA.mp4,7:08
1030,E:\Number A\Video\493GLF.mp4,6:21
1031,E:\Number A\Video\494GLF.mp4,6:18
1032,E:\Number A\Video\495GLA.mp4,6:58
1028,E:\Number A\Video\491GLB.mp4,6:35
1029,E:\Number A\Video\492GLB.mp4,5:52
1034,E:\Number A\Video\498GLD.mp4,6:08
1033,E:\Number A\Video\497GLF.mp4,7:20
1035,E:\Number A\Video\499GLE.mp4,5:48
1036,E:\Number B\Video\49BFA.mp4,6:45
1037,E:\Rainbow Number\Video\49FBA.mp4,4:59
1038,E:\Number TC\Video\49HAB.mp4,5:07
1040,E:\Number A\Video\501HLE.mp4,5:37
1039,E:\Number A\Video\500GLE.mp4,6:33
1041,E:\Number A\Video\502HLE.mp4,6:29
1042,E:\Number A\Video\503HLE.mp4,4:45
1043,E:\Number A\Video\504HLE.mp4,6:18
1045,E:\Number A\Video\506HLE.mp4,5:57
1044,E:\Number A\Video\505HLE.mp4,6:30
1047,E:\Number A\Video\508KLE.mp4,6:16
1048,E:\Number A\Video\509KLE.mp4,5:24
1046,E:\Number A\Video\507KLE.mp4,6:37
1050,E:\Number TC\Video\50BGC.mp4,5:02
1049,E:\Number B\Video\50BFB.mp4,8:06
1051,E:\Rainbow Number\Video\50FBA.mp4,5:53
1054,E:\Number A\Video\512GLE.mp4,5:55
1052,E:\Number A\Video\510GLE.mp4,6:06
1056,E:\Number A\Video\514KBF.mp4,3:35
1053,E:\Number A\Video\511GLE.mp4,6:02
1055,E:\Number A\Video\513GLE.mp4,6:17
1057,E:\Number A\Video\515KBF.mp4,3:30
1060,E:\Number A\Video\518KBD.mp4,4:26
1061,E:\Number A\Video\519KBD.mp4,4:03
1064,E:\Rainbow Number\Video\51FBA.mp4,5:32
1058,E:\Number A\Video\516KBF.mp4,3:40
1059,E:\Number A\Video\517KBF.mp4,4:33
1062,E:\Number B\Video\51BFB.mp4,6:53
1063,E:\Number TC\Video\51BKC.mp4,4:10
1065,E:\Number A\Video\520KBD.mp4,3:45
1066,E:\Number A\Video\521KLE.mp4,5:47
1069,E:\Number A\Video\524HAE.mp4,3:53
1067,E:\Number A\Video\522KLE.mp4,4:53
1068,E:\Number A\Video\523KLE.mp4,5:40
1071,E:\Number A\Video\526HAE.mp4,4:18
1070,E:\Number A\Video\525HAE.mp4,4:55
1072,E:\Number A\Video\527HAB.mp4,4:40
1078,E:\Number A\Video\530GAF.mp4,4:57
1075,E:\Number B\Video\52BFB.mp4,7:19
1077,E:\Rainbow Number\Video\52FBA.mp4,5:43
1076,E:\Number TC\Video\52BGC.mp4,4:13
1073,E:\Number A\Video\528HAB.mp4,4:35
1079,E:\Number A\Video\531GLF.mp4,5:31
1074,E:\Number A\Video\529GAB.mp4,4:25
1080,E:\Number A\Video\532GLF.mp4,4:03
1081,E:\Number A\Video\533GBF.mp4,4:09
1083,E:\Number A\Video\535HBD.mp4,3:31
1082,E:\Number A\Video\534GBF.mp4,3:14
1084,E:\Number A\Video\536HBB.mp4,3:35
1085,E:\Number A\Video\537HBB.mp4,3:20
1087,E:\Number A\Video\539GBB.mp4,3:31
1089,E:\Rainbow Number\Video\53FGB-114F.mp4,6:33
1088,E:\Number B\Video\53BFB.mp4,7:20
1086,E:\Number A\Video\538GBB.mp4,4:15
1091,E:\Number A\Video\540GBB.mp4,3:06
1090,E:\Number TC\Video\53GCG.mp4,7:32
1093,E:\Number A\Video\542GBF.mp4,3:53
1092,E:\Number A\Video\541GBD.mp4,3:14
1094,E:\Number A\Video\543GBF.mp4,3:45
1098,E:\Number A\Video\547DDF.mp4,5:18
1097,E:\Number A\Video\546DBF.mp4,4:13
1095,E:\Number A\Video\544HBF.mp4,3:14
1096,E:\Number A\Video\545DBF.mp4,3:02
1099,E:\Number A\Video\549DDF.mp4,5:10
1100,E:\Number B\Video\54BFB.mp4,6:37
1101,E:\Number TC\Video\54BGC.mp4,5:20
1103,E:\Number A\Video\550DDD.mp4,3:57
1104,E:\Number A\Video\551DDD.mp4,5:36
1106,E:\Number A\Video\553DDF.mp4,5:02
1102,E:\Rainbow Number\Video\54F-74B_1.mp4,6:11
1105,E:\Number A\Video\552DDD.mp4,5:01
1107,E:\Number A\Video\554DDF.mp4,5:05
1109,E:\Number A\Video\556DDD.mp4,3:28
1108,E:\Number A\Video\555DDF.mp4,4:18
1111,E:\Number A\Video\558DDD.mp4,5:03
1110,E:\Number A\Video\557DDD.mp4,4:16
1112,E:\Number A\Video\559HBD.mp4,2:52
1113,E:\Number B\Video\55BFB.mp4,6:41
1115,E:\Number TC\Video\55BGD.mp4,6:19
1114,E:\Number TC\Video\55BGD Final.mp4,6:19
1118,E:\Number A\Video\560HBF.mp4,3:41
1120,E:\Number A\Video\562HBF.mp4,3:15
1117,E:\Number SLime\Video\55FGA.mp4,10:00
1119,E:\Number A\Video\561HBF.mp4,3:23
1116,E:\Rainbow Number\Video\55FB - 62B_1.mp4,6:28
1121,E:\Number A\Video\564DDD.mp4,3:54
1122,E:\Number A\Video\565DBF.mp4,3:19
1123,E:\Number A\Video\566HBF.mp4,3:06
1124,E:\Number B\Video\56BHC.mp4,5:20
1128,E:\Number A\Video\570KBD.mp4,3:10
1127,E:\Rainbow Number\Video\56FGB-70B.mp4,5:51
1131,E:\Number A\Video\578KBF.mp4,3:50
1125,E:\Number TC\Video\56BKD Final.mp4,5:22
1126,E:\Number TC\Video\56BKD.mp4,3:49
1129,E:\Number A\Video\572KBE.mp4,3:40
1130,E:\Number A\Video\575KBD.mp4,3:49
1132,E:\Number A\Video\579KBF.mp4,3:56
1134,E:\Rainbow Number\Video\57FGB-8B.mp4,6:03
1135,E:\Number A\Video\580KBF.mp4,3:11
1133,E:\Number B\Video\57BHC.mp4,5:56
1137,E:\Number A\Video\582KBF.mp4,3:11
1138,E:\Number B\Video\58BHC.mp4,5:47
1136,E:\Number A\Video\581DBF.mp4,3:40
1139,E:\Rainbow Number\Video\58FGB-1B.mp4,5:31
1140,E:\Number TC\Video\58KCF.mp4,5:33
1142,E:\Rainbow Number\Video\59FGB-2B.mp4,6:29
1141,E:\Number B\Video\59BHC.mp4,4:58
1143,E:\Number TC\Video\59KFC.mp4,5:55
1144,E:\Number B\Video\60BHA.mp4,6:13
1146,E:\Number TC\Video\60HCF.mp4,5:36
1147,E:\Number B\Video\61BHA.mp4,6:24
1145,E:\Rainbow Number\Video\60GB-4B.mp4,6:55
1148,E:\Rainbow Number\Video\61GB-7B.mp4,7:29
1149,E:\Number B\Video\62BHA.mp4,7:23
1153,E:\Rainbow Number\Video\63F-87B_1.mp4,6:01
1151,E:\Number TC\Video\62HCG.mp4,5:16
1152,E:\Number B\Video\63BHA.mp4,5:15
1154,E:\Number TC\Video\63HCG.mp4,5:38
1150,E:\Rainbow Number\Video\62GB-11B.mp4,5:10
1155,E:\Number B\Video\64BHC.mp4,5:12
1157,E:\Number TC\Video\64KCA.mp4,5:14
1158,E:\Number B\Video\65BHC.mp4,5:33
1160,E:\Number SLime\Video\65FC.mp4,9:09
1156,E:\Rainbow Number\Video\64F-90B.mp4,7:09
1159,E:\Rainbow Number\Video\65F-91B_1.mp4,6:58
1161,E:\Number TC\Video\65KCA.mp4,5:14
1162,E:\Number B\Video\66BHC.mp4,4:14
1164,E:\Number TC\Video\66KCF sửa.mp4,5:46
1167,E:\Number TC\Video\67KCF sửa.mp4,5:45
1165,E:\Number B\Video\67BHA.mp4,6:43
1163,E:\Rainbow Number\Video\66F-92B_1.mp4,7:03
1168,E:\Number B\Video\68BHA.mp4,5:55
1166,E:\Rainbow Number\Video\67F-93B.mp4,7:13
1169,E:\Rainbow Number\Video\68F-94B.mp4,6:28
1170,E:\Number TC\Video\68KG.mp4,6:00
1171,E:\Number B\Video\69BHA.mp4,5:15
1172,E:\Rainbow Number\Video\69GB-101BF.mp4,7:10
1173,E:\Number TC\Video\69KG.mp4,5:11
1175,E:\Number B\Video\70BHA.mp4,4:58
1174,E:\Number A\Video\70BC.mp4,6:40
1179,E:\Number TC\Video\71GG.mp4,4:46
1178,E:\Number SLime\Video\71FA.mp4,9:09
1177,E:\Number B\Video\71BHC.mp4,7:07
1176,E:\Number A\Video\71BC.mp4,6:51
1180,E:\Number A\Video\72BC.mp4,5:22
1181,E:\Number B\Video\72BHC.mp4,6:16
1183,E:\Rainbow Number\Video\72HB-119B.mp4,5:48
1182,E:\Number TC\Video\72GCC.mp4,6:05
1185,E:\Number B\Video\73BHC.mp4,5:14
1186,E:\Number TC\Video\73GCE.mp4,4:57
1187,E:\Number A\Video\74BA numberA.mp4,6:55
1188,E:\Number B\Video\74BHC.mp4,7:11
1184,E:\Number A\Video\73BC.mp4,5:45
1189,E:\Number A\Video\75BA numberA.mp4,4:53
1190,E:\Number B\Video\75BHC.mp4,5:35
1193,E:\Number B\Video\76BHC.mp4,5:37
1191,E:\Number TC\Video\75HCG.mp4,7:30
1195,E:\Rainbow Number\Video\76HB-95B.mp4,6:05
1194,E:\Number TC\Video\76GCG.mp4,4:28
1192,E:\Number A\Video\76BC.mp4,5:58
1196,E:\Number A\Video\77BC.mp4,7:44
1197,E:\Number B\Video\77BHC.mp4,5:56
1198,E:\Number TC\Video\77GCD.mp4,5:30
1199,E:\Rainbow Number\Video\77HB-96B.mp4,5:36
1201,E:\Number B\Video\78BHA.mp4,5:29
1200,E:\Number A\Video\78BC.mp4,5:58
1203,E:\Number B\Video\79BHA.mp4,4:50
1204,E:\Rainbow Number\Video\79HB-104B.mp4,6:00
1202,E:\Number A\Video\79BC.mp4,7:29
1205,E:\Number TC\Video\79KCE.mp4,6:06
1207,E:\Number B\Video\80BHA.mp4,5:47
1206,E:\Number A\Video\80BC.mp4,5:44
1208,E:\Rainbow Number\Video\80HB-98B.mp4,7:00
1209,E:\Number TC\Video\80KCE.mp4,5:12
1210,E:\Number A\Video\81BC.mp4,6:28
1211,E:\Number B\Video\81BHA.mp4,5:53
1212,E:\Rainbow Number\Video\81HC.mp4,7:59
1214,E:\Number B\Video\82BHA.mp4,5:30
1213,E:\Number A\Video\82BC.mp4,6:04
1215,E:\Rainbow Number\Video\82HC.mp4,5:54
1217,E:\Number B\Video\83BHC.mp4,6:29
1218,E:\Rainbow Number\Video\83HC.mp4,6:00
1220,E:\Number B\Video\84BHC.mp4,6:09
1216,E:\Number A\Video\83BC.mp4,5:27
1219,E:\Number A\Video\84BC.mp4,6:07
1221,E:\Rainbow Number\Video\84HC.mp4,5:05
1223,E:\Number B\Video\85BHC.mp4,6:15
1222,E:\Number A\Video\85BC.mp4,6:02
1224,E:\Rainbow Number\Video\85HC.mp4,5:57
1227,E:\Rainbow Number\Video\86HC.mp4,6:58
1226,E:\Number B\Video\86BHC.mp4,5:31
1225,E:\Number A\Video\86BC.mp4,6:11
1229,E:\Number B\Video\87BHA.mp4,5:21
1230,E:\Rainbow Number\Video\87HC.mp4,6:06
1228,E:\Number A\Video\87BC.mp4,6:11
1231,E:\Number TC\Video\87HLD.mp4,6:28
1233,E:\Number B\Video\88BHA.mp4,5:40
1234,E:\Rainbow Number\Video\88GC.mp4,5:26
1235,E:\Number TC\Video\88HLD.mp4,6:30
1232,E:\Number A\Video\88BC.mp4,7:18
1237,E:\Number B\Video\89BHA.mp4,5:10
1238,E:\Rainbow Number\Video\89GC.mp4,7:07
1236,E:\Number A\Video\89BC.mp4,5:49
1239,E:\Number A\Video\90BC.mp4,7:03
1240,E:\Number B\Video\90BHA.mp4,4:45
1241,E:\Rainbow Number\Video\90GC.mp4,6:36
1242,E:\Number A\Video\91BC.mp4,7:09
1243,E:\Number B\Video\91BHA.mp4,6:03
1244,E:\Rainbow Number\Video\91GB.mp4,4:59
1245,E:\Number A\Video\92BC.mp4,6:25
1246,E:\Number B\Video\92BHA.mp4,4:45
1247,E:\Rainbow Number\Video\92GB.mp4,7:17
1248,E:\Number A\Video\93BC.mp4,7:03
1249,E:\Number B\Video\93BHA.mp4,5:58
1250,E:\Rainbow Number\Video\93GB.mp4,5:57
1251,E:\Number A\Video\94BC.mp4,6:02
1252,E:\Number B\Video\94BGA.mp4,5:02
1253,E:\Rainbow Number\Video\94GB.mp4,5:56
1255,E:\Number B\Video\95BGA.mp4,5:32
1254,E:\Number A\Video\95BC.mp4,6:02
1256,E:\Rainbow Number\Video\95GB_1.mp4,7:38
1257,E:\Number A\Video\96BC.mp4,5:33
1259,E:\Rainbow Number\Video\96GC.mp4,7:08
1258,E:\Number B\Video\96BGA.mp4,4:23
1261,E:\Number B\Video\97BGA.mp4,4:43
1260,E:\Number A\Video\97BC.mp4,6:16
1263,E:\Number A\Video\98BC.mp4,6:16
1262,E:\Rainbow Number\Video\97GC.mp4,6:40
1265,E:\Rainbow Number\Video\98GC.mp4,5:43
1264,E:\Number B\Video\98BGA.mp4,5:47
1266,E:\Number A\Video\99BFC.mp4,6:11
1269,E:\Number TC\Video\9AG.mp4,6:22
1267,E:\Number B\Video\99BGA.mp4,5:24
1268,E:\Rainbow Number\Video\99GC.mp4,6:04
1270,E:\Rainbow Number\Video\V101GD.mp4,7:39
1271,E:\Rainbow Number\Video\V102GD.mp4,6:21
1272,E:\Rainbow Number\Video\V117FD.mp4,5:42
1273,E:\Rainbow Number\Video\V118FD.mp4,4:44
1274,E:\Rainbow Number\Video\V119FD_1.mp4,5:02
1276,E:\Rainbow Number\Video\V121FD_1.mp4,5:12
1275,E:\Rainbow Number\Video\V120FD.mp4,4:44
1277,E:\Rainbow Number\Video\V122FD.mp4,4:47
1279,E:\Rainbow Number\Video\V125FD.mp4,6:03
1281,E:\Rainbow Number\Video\V127FD.mp4,4:54
1278,E:\Rainbow Number\Video\V124FD.mp4,6:14
1280,E:\Rainbow Number\Video\V126FD.mp4,4:01
1282,E:\Rainbow Number\Video\V129FD.mp4,5:24
1284,E:\Rainbow Number\Video\V131GD_1.mp4,4:45
1283,E:\Rainbow Number\Video\V130FD.mp4,5:35
1285,E:\Rainbow Number\Video\V134GD.mp4,4:13
1286,E:\Rainbow Number\Video\V139FD.mp4,6:00
1287,E:\Rainbow Number\Video\V140FD.mp4,6:49
1288,E:\Rainbow Number\Video\V141FD.mp4,5:36
1289,E:\Rainbow Number\Video\V149GD.mp4,5:20
1290,E:\Rainbow Number\Video\V150GD.mp4,4:12
1291,E:\Rainbow Number\Video\V33FBA.mp4,5:36
1292,E:\Rainbow Number\Video\V70HD_1.mp4,6:39
1293,E:\Rainbow Number\Video\V71HD.mp4,6:48
1294,E:\Rainbow Number\Video\V73HD.mp4,7:16
1296,E:\Rainbow Number\Video\V75HD.mp4,6:54
1295,E:\Rainbow Number\Video\V74HD.mp4,6:31
1297,E:\Rainbow Number\Video\V78HD.mp4,6:50
