stt,file_path,duration,lastest_used_value
1,\\hai2\Video gốc\Thomas\k2\100 - E233.mp4,6:39,31453210
2,\\hai2\Video gốc\Thomas\k2\101 - E234.mp4,6:22,31453042
3,\\hai2\Video gốc\Thomas\k2\102 - E243.mp4,6:33,31022640
4,\\hai2\Video gốc\Thomas\k2\103 - v245.mp4,7:52,30855057
5,\\hai2\Video gốc\Thomas\k2\104 - v246.mp4,6:05,30854675
6,\\hai2\Video gốc\Thomas\k2\105 - E254.mp4,6:54,30839061
7,\\hai2\Video gốc\Thomas\k2\106 - E255.mp4,6:42,30760012
8,\\hai2\Video gốc\Thomas\k2\107 - E256.mp4,6:27,30758228
9,\\hai2\Video gốc\Thomas\k2\108 - E257.mp4,7:04,30754602
10,\\hai2\Video gốc\Thomas\k2\109 - E258.mp4,6:28,30752950
11,\\hai2\Video gốc\Thomas\k2\110 - E259.mp4,6:24,30675537
12,\\hai2\Video gốc\Thomas\k2\111 - E260.mp4,6:29,30675725
13,\\hai2\Video gốc\Thomas\k2\112 - E261.mp4,7:26,30673077
14,\\hai2\Video gốc\Thomas\k2\113 - E262.mp4,6:50,30667882
15,\\hai2\Video gốc\Thomas\k2\114 - E263.mp4,6:29,30328058
16,\\hai2\Video gốc\Thomas\k2\115 - E264.mp4,7:59,30325038
17,\\hai2\Video gốc\Thomas\k2\116 - v273.mp4,5:55,30151838
18,\\hai2\Video gốc\Thomas\k2\117 - E274.mp4,6:14,30169098
19,\\hai2\Video gốc\Thomas\k2\118 - E275.mp4,6:11,30087635
20,\\hai2\Video gốc\Thomas\k2\119 - E276.mp4,6:35,30083413
21,\\hai2\Video gốc\Thomas\k2\120 - E277.mp4,6:06,29995817
22,\\hai2\Video gốc\Thomas\k2\121 - E280.mp4,6:18,29984904
23,\\hai2\Video gốc\Thomas\k2\122 - E282.mp4,7:19,29726332
24,\\hai2\Video gốc\Thomas\k2\123 - E283.mp4,6:25,29724976
25,\\hai2\Video gốc\Thomas\k2\124 - E284_new.mp4,6:13,29549273
26,\\hai2\Video gốc\Thomas\k2\125 - E285.mp4,6:49,29721012
27,\\hai2\Video gốc\Thomas\k2\126 - E286.mp4,6:16,29713719
28,\\hai2\Video gốc\Thomas\k2\127 - E287.mp4,6:16,29657070
29,\\hai2\Video gốc\Thomas\k2\128 - E288.mp4,6:39,29649971
30,\\hai2\Video gốc\Thomas\k2\129 - E289.mp4,6:44,29640412
31,\\hai2\Video gốc\Thomas\k2\130 - E290.mp4,6:40,29637573
32,\\hai2\Video gốc\Thomas\k2\131 - E291.mp4,6:45,29632955
33,\\hai2\Video gốc\Thomas\k2\132 - v292.mp4,6:35,29554005
34,\\hai2\Video gốc\Thomas\k2\133 - v307.mp4,6:17,28785376
35,\\hai2\Video gốc\Thomas\k2\134 - v308.mp4,6:03,28784998
36,\\hai2\Video gốc\Thomas\k2\135 - E313.mp4,6:02,28506282
37,\\hai2\Video gốc\Thomas\k2\136 - E314_new1.mp4,7:56,28267334
38,\\hai2\Video gốc\Thomas\k2\137 - E315_new1.mp4,7:02,28267114
39,\\hai2\Video gốc\Thomas\k2\138 - E316_new1.mp4,6:52,28266909
40,\\hai2\Video gốc\Thomas\k2\139 - E321.H - play.mp4,6:35,28340353
41,\\hai2\Video gốc\Thomas\k2\140 - E322.H - play.mp4,6:05,28338330
42,\\hai2\Video gốc\Thomas\k2\141 - E323.mp4,6:43,28362487
43,\\hai2\Video gốc\Thomas\k2\142 - E324.mp4,6:56,28362107
44,\\hai2\Video gốc\Thomas\k2\143 - E325.H - play.mp4,5:58,27294676
45,\\hai2\Video gốc\Thomas\k2\144 - E326.H - play.mp4,6:44,27294849
46,\\hai2\Video gốc\Thomas\k2\145 - E333.H - play.mp4,6:15,27646401
47,\\hai2\Video gốc\Thomas\k2\146 - E334.H - play (sửa).mp4,6:20,27218850
48,\\hai2\Video gốc\Thomas\k2\147 - E335.H - play (sửa).mp4,6:58,27218551
49,\\hai2\Video gốc\Thomas\k2\148 - v341.mp4,6:51,27236247
50,\\hai2\Video gốc\Thomas\k2\149 - E342.H - play (sửa).mp4,6:03,26697988
51,\\hai2\Video gốc\Thomas\k2\150 - E343.H - play.mp4,6:10,27144031
52,\\hai2\Video gốc\Thomas\k2\151 - E336.H - play.mp4,7:06,27316420
53,\\hai2\Video gốc\Thomas\k2\152 - E346.H - play.mp4,6:17,27040538
54,\\hai2\Video gốc\Thomas\k2\153 - E347.mp4,6:00,27041866
55,\\hai2\Video gốc\Thomas\k2\154 - E354.H - play_1.mp4,6:51,26438228
56,\\hai2\Video gốc\Thomas\k2\155 - E355.H - play.mp4,7:41,26356243
57,\\hai2\Video gốc\Thomas\k2\156 - E356.H - play (sửa).mp4,6:51,26364252
58,\\hai2\Video gốc\Thomas\k2\157 - E357.H - play.mp4,6:35,26338283
59,\\hai2\Video gốc\Thomas\k2\158 - E358.H - play (sửa).mp4,6:46,26111684
60,\\hai2\Video gốc\Thomas\k2\159 - E359.H - play.mp4,6:17,26205576
61,\\hai2\Video gốc\Thomas\k2\160 - E364.H - play (sửa).mp4,6:48,26010008
62,\\hai2\Video gốc\Thomas\k2\161 - E365.H - play.mp4,6:34,26112425
63,\\hai2\Video gốc\Thomas\k2\162 - E366.H - play.mp4,6:30,26105991
64,\\hai2\Video gốc\Thomas\k2\163 - E367H - play.mp4,6:17,26027158
65,\\hai2\Video gốc\Thomas\k2\164 - E368.H - play.mp4,6:02,26436898
66,\\hai2\Video gốc\Thomas\k2\165 - E369.H - play.mp4,6:10,26436409
67,\\hai2\Video gốc\Thomas\k2\166 - E374.H - play.mp4,7:48,26193125
68,\\hai2\Video gốc\Thomas\k2\167 - E375.H - play.mp4,6:27,26178494
69,\\hai2\Video gốc\Thomas\k2\168 - E376.H - play.mp4,6:10,25770067
70,\\hai2\Video gốc\Thomas\k2\169 - E383.H (sua).mp4,6:01,24894151
71,\\hai2\Video gốc\Thomas\k2\170 - E384.H (sua).mp4,6:01,24895683
72,\\hai2\Video gốc\Thomas\k2\171 - E385H - play.mp4,6:08,25579036
73,\\hai2\Video gốc\Thomas\k2\172 - E386.H - PLAY.mp4,6:23,25580264
74,\\hai2\Video gốc\Thomas\k2\173- E387.H - play.mp4,5:56,25577132
75,\\hai2\Video gốc\Thomas\k2\174 - E388.H (sua).mp4,6:02,24895242
76,\\hai2\Video gốc\Thomas\k2\175 - E389.H - play.mp4,7:02,25571546
77,\\hai2\Video gốc\Thomas\k2\176 - E390.H - play.mp4,6:12,25567278
78,\\hai2\Video gốc\Thomas\k2\177 - E391.H - play.mp4,6:15,25506397
79,\\hai2\Video gốc\Thomas\k2\178 - E392.H - play.mp4,6:29,25505731
80,\\hai2\Video gốc\Thomas\k2\179 - E393.H - play.mp4,6:01,25503439
81,\\hai2\Video gốc\Thomas\k2\180 - E394.H -play.mp4,6:29,25501002
82,\\hai2\Video gốc\Thomas\k2\181 - E401.H.mp4,6:44,24896153
83,\\hai2\Video gốc\Thomas\k2\182 - E402.H.mp4,7:17,24881967
84,\\hai2\Video gốc\Thomas\k2\183 - E403.H.mp4,6:25,24877975
85,\\hai2\Video gốc\Thomas\k2\184 - E404.H.mp4,6:01,24635179
86,\\hai2\Video gốc\Thomas\k2\185 - E405.H.mp4,6:54,24622600
87,\\hai2\Video gốc\Thomas\k2\186 - V412.mp4,6:26,24275434
88,\\hai2\Video gốc\Thomas\k2\187 - V413.mp4,6:43,24276115
89,\\hai2\Video gốc\Thomas\k2\188 - V414.mp4,7:06,24532735
90,\\hai2\Video gốc\Thomas\k2\189 - V419.H.mp4,6:03,24122070
91,\\hai2\Video gốc\Thomas\k2\190 - V420.H.mp4,6:12,24117696
92,\\hai2\Video gốc\Thomas\k2\191 - V421.H.mp4,6:00,24106966
93,\\hai2\Video gốc\Thomas\k2\192 - V422.mp4,6:36,24104417
94,\\hai2\Video gốc\Thomas\k2\193 - V429.mp4,7:20,23862155
95,\\hai2\Video gốc\Thomas\k2\194 - V430.mp4,6:01,23857289
96,\\hai2\Video gốc\Thomas\k2\195 - V431.mp4,7:05,23852703
97,\\hai2\Video gốc\Thomas\k2\196 - V432.mp4,6:25,23849346
98,\\hai2\Video gốc\Thomas\k2\197 - V439.mp4,8:27,23327937
99,\\hai2\Video gốc\Thomas\k2\198 - V440.mp4,6:19,23225802
100,\\hai2\Video gốc\Thomas\k2\199 - V441.mp4,6:01,23225097
101,\\hai2\Video gốc\Thomas\k2\200 - V442.mp4,6:13,23224650
102,\\hai2\Video gốc\Thomas\k2\201 - V443.mp4,6:04,23223938
103,\\hai2\Video gốc\Thomas\k2\202 - V444.mp4,6:06,23223221
104,\\hai2\Video gốc\Thomas\k2\203 - V445.mp4,6:11,23222485
105,\\hai2\Video gốc\Thomas\k2\204 - V446.mp4,6:15,23172633
106,\\hai2\Video gốc\Thomas\k2\205 - V455.mp4,6:52,22481837
107,\\hai2\Video gốc\Thomas\k2\206 - V456.mp4,7:17,22480851
108,\\hai2\Video gốc\Thomas\k2\207 - V457.mp4,6:43,22480039
109,\\hai2\Video gốc\Thomas\k2\208 - V458.mp4,5:41,23153522
110,\\hai2\Video gốc\Thomas\k2\209 - V459.mp4,6:17,23153307
111,\\hai2\Video gốc\Thomas\k2\210 - V460.mp4,7:39,23152063
112,\\hai2\Video gốc\Thomas\k2\211 - V461.mp4,7:00,23150469
113,\\hai2\Video gốc\Thomas\k2\212 - V462.mp4,7:13,23149139
114,\\hai2\Video gốc\Thomas\k2\213 - V471.mp4,6:33,21785204
115,\\hai2\Video gốc\Thomas\k2\214 - V472.mp4,6:05,21785124
116,\\hai2\Video gốc\Thomas\k2\215 - V473.mp4,6:55,21785029
117,\\hai2\Video gốc\Thomas\k2\216 - V474.mp4,6:18,22563617
118,\\hai2\Video gốc\Thomas\k2\217 - V475.mp4,6:33,22561240
119,\\hai2\Video gốc\Thomas\k2\218 - V476.mp4,6:57,22552868
120,\\hai2\Video gốc\Thomas\k2\219 - V477.mp4,6:13,22542243
121,\\hai2\Video gốc\Thomas\k2\220 - V478.mp4,6:52,22802942
122,\\hai2\Video gốc\Thomas\k2\221 - V487.mp4,6:11,22291186
123,\\hai2\Video gốc\Thomas\k2\222 - V488.mp4,7:27,21613265
124,\\hai2\Video gốc\Thomas\k2\223 - V489.mp4,6:39,22288607
125,\\hai2\Video gốc\Thomas\k2\224 - V491.mp4,8:03,21950306
126,\\hai2\Video gốc\Thomas\k2\225 - V498.mp4,6:22,21938851
127,\\hai2\Video gốc\Thomas\k2\226 - V499.mp4,6:50,21186124
128,\\hai2\Video gốc\Thomas\k2\227 - V500.mp4,7:05,21937308
129,\\hai2\Video gốc\Thomas\k2\228 - V501.mp4,6:46,21882323
130,\\hai2\Video gốc\Thomas\k2\229 - V502.mp4,6:08,21765817
131,\\hai2\Video gốc\Thomas\k2\230 - V490.mp4,6:28,20059744
132,\\hai2\Video gốc\Thomas\k2\231 - V494.mp4,10:56,20654552
133,\\hai2\Video gốc\Thomas\k2\232 - V503.mp4,7:21,21765584
134,\\hai2\Video gốc\Thomas\k2\233 - V504.mp4,6:49,21765377
135,\\hai2\Video gốc\Thomas\k2\234 - V505.mp4,6:24,21765193
136,\\hai2\Video gốc\Thomas\k2\235 - V506.mp4,6:05,21765037
137,\\hai2\Video gốc\Thomas\k2\236 - V515.mp4,6:06,21015540
138,\\hai2\Video gốc\Thomas\k2\237 - V516.mp4,6:00,20470823
139,\\hai2\Video gốc\Thomas\k2\238 - v535.mp4,4:59,20149556
140,\\hai2\Video gốc\Thomas\k2\239 - v536.mp4,4:38,20147333
141,\\hai2\Video gốc\Thomas\k2\240 - v537.mp4,6:08,20145695
142,\\hai2\Video gốc\Thomas\k2\241 - v538.mp4,7:14,19954303
143,\\hai2\Video gốc\Thomas\k2\242 - V549.mp4,6:24,19269697
144,\\hai2\Video gốc\Thomas\k2\243 - V550.mp4,4:06,18940883
145,\\hai2\Video gốc\Thomas\k2\244 - V551.mp4,4:09,18327679
146,\\hai2\Video gốc\Thomas\k2\245 - V560.mp4,6:03,18235269
147,\\hai2\Video gốc\Thomas\k2\246 - V561.mp4,7:08,18235089
148,\\hai2\Video gốc\Thomas\k2\247 - V562.mp4,7:00,18234406
149,\\hai2\Video gốc\Thomas\k2\248 - V563.mp4,6:25,18234736
150,\\hai2\Video gốc\Thomas\k2\55 - v138 sửa lại.mp4,6:31,3468294
151,\\hai2\Video gốc\Thomas\k2\80 - E191.mp4,7:52,32058926
152,\\hai2\Video gốc\Thomas\k2\81 - E192.mp4,7:21,32058677
153,\\hai2\Video gốc\Thomas\k2\82 - E193.mp4,6:18,32058477
154,\\hai2\Video gốc\Thomas\k2\83 - E196.mp4,7:27,31992287
155,\\hai2\Video gốc\Thomas\k2\84 - E197.mp4,6:18,31992092
156,\\hai2\Video gốc\Thomas\k2\85 - E198.mp4,6:04,31991913
157,\\hai2\Video gốc\Thomas\k2\86 - E199.mp4,7:04,31972284
158,\\hai2\Video gốc\Thomas\k2\87 - E204.mp4,5:47,31906747
159,\\hai2\Video gốc\Thomas\k2\88 - E205.mp4,8:11,31903864
160,\\hai2\Video gốc\Thomas\k2\89 - E208.mp4,6:06,31885247
161,\\hai2\Video gốc\Thomas\k2\90 - E209.mp4,7:24,31881754
162,\\hai2\Video gốc\Thomas\k2\91 - E210.mp4,7:05,31874620
163,\\hai2\Video gốc\Thomas\k2\92 - E215.mp4,6:22,31798445
164,\\hai2\Video gốc\Thomas\k2\93 - E216.mp4,7:24,31554442
165,\\hai2\Video gốc\Thomas\k2\94 - E217.mp4,7:29,31554203
166,\\hai2\Video gốc\Thomas\k2\95 - E218.mp4,6:10,31552343
167,\\hai2\Video gốc\Thomas\k2\96 - E219.mp4,6:31,31553948
168,\\hai2\Video gốc\Thomas\k2\97 - E220.mp4,6:17,31553622
169,\\hai2\Video gốc\Thomas\k2\98 - E226.mp4,6:41,31453648
170,\\hai2\Video gốc\Thomas\k2\99 - E227.mp4,6:32,31453480
171,\\hai2\Video gốc\Thomas\k3\1- E178.mp4,6:27,22306694
172,\\hai2\Video gốc\Thomas\k3\10 - E225.mp4,6:54,22306215
173,\\hai2\Video gốc\Thomas\k3\100 - V564.mp4,5:48,18234613
174,\\hai2\Video gốc\Thomas\k3\101 - 1CG.mp4,5:29,16419628
175,\\hai2\Video gốc\Thomas\k3\102 - 2CG.mp4,4:40,16419199
176,\\hai2\Video gốc\Thomas\k3\11- v236.mp4,5:51,22306059
177,\\hai2\Video gốc\Thomas\k3\12 - v237.mp4,6:38,22306160
178,\\hai2\Video gốc\Thomas\k3\13 - E238.mp4,5:54,22306153
179,\\hai2\Video gốc\Thomas\k3\14 - v244 sua lai.mp4,5:58,22306146
180,\\hai2\Video gốc\Thomas\k3\15 - v247.mp4,5:54,22306121
181,\\hai2\Video gốc\Thomas\k3\16 - E250.mp4,6:47,22306136
182,\\hai2\Video gốc\Thomas\k3\17 - E251.mp4,6:08,22305927
183,\\hai2\Video gốc\Thomas\k3\18 - E265.mp4,6:18,22305908
184,\\hai2\Video gốc\Thomas\k3\19 - E267.mp4,6:41,22305876
185,\\hai2\Video gốc\Thomas\k3\2- E182N.mp4,7:04,22306677
186,\\hai2\Video gốc\Thomas\k3\20 - E268.mp4,6:30,22305873
187,\\hai2\Video gốc\Thomas\k3\21 - E239.mp4,7:48,22305885
188,\\hai2\Video gốc\Thomas\k3\22 - E240.mp4,6:38,22305897
189,\\hai2\Video gốc\Thomas\k3\23 - E241.mp4,6:16,22305712
190,\\hai2\Video gốc\Thomas\k3\24 - v271.mp4,6:03,22305738
191,\\hai2\Video gốc\Thomas\k3\25 - v293.mp4,6:00,22305698
192,\\hai2\Video gốc\Thomas\k3\26 - v294.mp4,5:58,22305688
193,\\hai2\Video gốc\Thomas\k3\27 - v295.mp4,6:02,22305693
194,\\hai2\Video gốc\Thomas\k3\28 - E299.mp4,6:25,22305681
195,\\hai2\Video gốc\Thomas\k3\29 - E300.mp4,6:54,22305532
196,\\hai2\Video gốc\Thomas\k3\3 - E194N.mp4,6:33,22306632
197,\\hai2\Video gốc\Thomas\k3\30 - E301.mp4,6:01,22305519
198,\\hai2\Video gốc\Thomas\k3\31 - E302.mp4,6:44,22305490
199,\\hai2\Video gốc\Thomas\k3\32 - v309.mp4,6:17,22305480
200,\\hai2\Video gốc\Thomas\k3\33 - v310.mp4,6:18,22305493
201,\\hai2\Video gốc\Thomas\k3\34 - E318.mp4,6:25,22305461
202,\\hai2\Video gốc\Thomas\k3\35 - E317.mp4,6:34,22305338
203,\\hai2\Video gốc\Thomas\k3\36 - E327.mp4,8:00,22305284
204,\\hai2\Video gốc\Thomas\k3\37 - E328.mp4,6:10,22305305
205,\\hai2\Video gốc\Thomas\k3\38 - E329.mp4,6:08,22305295
206,\\hai2\Video gốc\Thomas\k3\39 - E337.mp4,6:33,22305262
207,\\hai2\Video gốc\Thomas\k3\4- E200.mp4,6:23,22306627
208,\\hai2\Video gốc\Thomas\k3\40 - E338.mp4,6:00,22305277
209,\\hai2\Video gốc\Thomas\k3\41 - E344.mp4,6:48,22305064
210,\\hai2\Video gốc\Thomas\k3\42 - E348.mp4,7:15,22305015
211,\\hai2\Video gốc\Thomas\k3\43 - E360.mp4,7:28,22304999
212,\\hai2\Video gốc\Thomas\k3\44 - E361.mp4,8:07,22304987
213,\\hai2\Video gốc\Thomas\k3\45 - E370.mp4,6:02,22305005
214,\\hai2\Video gốc\Thomas\k3\46 - E371.mp4,6:35,22304971
215,\\hai2\Video gốc\Thomas\k3\47 - E377.mp4,7:28,22304834
216,\\hai2\Video gốc\Thomas\k3\48 - E378.mp4,7:15,22304802
217,\\hai2\Video gốc\Thomas\k3\49 - E379.mp4,6:52,22304783
218,\\hai2\Video gốc\Thomas\k3\5 - E201.mp4,6:23,22306325
219,\\hai2\Video gốc\Thomas\k3\50 - E395.mp4,6:32,22304781
220,\\hai2\Video gốc\Thomas\k3\51 - E396.mp4,7:00,22304779
221,\\hai2\Video gốc\Thomas\k3\52 - E397.mp4,7:43,22304760
222,\\hai2\Video gốc\Thomas\k3\53 - E406.H.mp4,6:17,24442033
223,\\hai2\Video gốc\Thomas\k3\54 - E407.H.mp4,6:23,24440201
224,\\hai2\Video gốc\Thomas\k3\55 - V408.H.mp4,6:01,24439233
225,\\hai2\Video gốc\Thomas\k3\56 - V415.mp4,6:31,24213906
226,\\hai2\Video gốc\Thomas\k3\57 - V416.mp4,6:46,24272089
227,\\hai2\Video gốc\Thomas\k3\58 - V423.mp4,6:08,24101485
228,\\hai2\Video gốc\Thomas\k3\59 - V424.mp4,6:39,24041878
229,\\hai2\Video gốc\Thomas\k3\6 - E206.mp4,7:52,22306234
230,\\hai2\Video gốc\Thomas\k3\60 - V425.mp4,6:22,24022226
231,\\hai2\Video gốc\Thomas\k3\61 - V433.mp4,6:00,23848506
232,\\hai2\Video gốc\Thomas\k3\62- V434.mp4,6:40,23173205
233,\\hai2\Video gốc\Thomas\k3\63 - V435.mp4,6:40,23173717
234,\\hai2\Video gốc\Thomas\k3\64 - V447.H.mp4,5:58,22566902
235,\\hai2\Video gốc\Thomas\k3\65 - V448.H.mp4,6:31,22565316
236,\\hai2\Video gốc\Thomas\k3\66 - V449.H.mp4,5:58,22564650
237,\\hai2\Video gốc\Thomas\k3\67 - V450.H.mp4,6:31,23178362
238,\\hai2\Video gốc\Thomas\k3\68 - V463.mp4,7:29,23147705
239,\\hai2\Video gốc\Thomas\k3\69 - V464.mp4,6:09,23146763
240,\\hai2\Video gốc\Thomas\k3\7 - v211 sua lai.mp4,7:09,22306287
241,\\hai2\Video gốc\Thomas\k3\70 - V465.mp4,6:54,23092659
242,\\hai2\Video gốc\Thomas\k3\71 - V466.mp4,6:56,21874246
243,\\hai2\Video gốc\Thomas\k3\72 - V479.mp4,8:15,22805145
244,\\hai2\Video gốc\Thomas\k3\73 - V480.mp4,6:35,22551242
245,\\hai2\Video gốc\Thomas\k3\74 - V481.mp4,6:43,22541846
246,\\hai2\Video gốc\Thomas\k3\75 - V482.mp4,6:37,22542044
247,\\hai2\Video gốc\Thomas\k3\76 - V492.mp4,6:59,21949580
248,\\hai2\Video gốc\Thomas\k3\77 - V493.mp4,6:46,21947786
249,\\hai2\Video gốc\Thomas\k3\78 - V507.mp4,6:19,21267256
250,\\hai2\Video gốc\Thomas\k3\79 - V508.mp4,6:50,21268675
251,\\hai2\Video gốc\Thomas\k3\8 - v212 sua lai 2.mp4,6:10,22306293
252,\\hai2\Video gốc\Thomas\k3\80 - V509.mp4,6:14,21268047
253,\\hai2\Video gốc\Thomas\k3\81 - V510.mp4,7:14,21267862
254,\\hai2\Video gốc\Thomas\k3\82 - V517.mp4,6:10,20894846
255,\\hai2\Video gốc\Thomas\k3\83 - V518.mp4,7:25,20894336
256,\\hai2\Video gốc\Thomas\k3\84 - V519.mp4,7:00,20380525
257,\\hai2\Video gốc\Thomas\k3\85 - v521.mp4,5:17,20896816
258,\\hai2\Video gốc\Thomas\k3\86 - V495.mp4,7:40,20645824
259,\\hai2\Video gốc\Thomas\k3\87 - V526.mp4,7:49,20654531
260,\\hai2\Video gốc\Thomas\k3\88 - V529.mp4,6:59,20652753
261,\\hai2\Video gốc\Thomas\k3\89 - V530.mp4,6:33,20652556
262,\\hai2\Video gốc\Thomas\k3\9 - v214 sua lai.mp4,6:33,22306282
263,\\hai2\Video gốc\Thomas\k3\90 - V531.mp4,6:05,19798656
264,\\hai2\Video gốc\Thomas\k3\91 - v539.mp4,5:18,19954132
265,\\hai2\Video gốc\Thomas\k3\92 - v540.mp4,6:39,19889156
266,\\hai2\Video gốc\Thomas\k3\93 - V541.mp4,6:41,20059652
267,\\hai2\Video gốc\Thomas\k3\94 - V542.mp4,6:37,20059484
268,\\hai2\Video gốc\Thomas\k3\95 - V543.mp4,6:10,18319004
269,\\hai2\Video gốc\Thomas\k3\96 - V552.H.mp4,4:10,18325575
270,\\hai2\Video gốc\Thomas\k3\97 - v553.mp4,4:14,18557949
271,\\hai2\Video gốc\Thomas\k3\98 - v554.mp4,3:15,18557695
272,\\hai2\Video gốc\Thomas\k3\99 - V558.mp4,6:05,18746463
273,\\hai2\Video gốc\Thomas\k4\1 - E180N.mp4,7:24,22304489
274,\\hai2\Video gốc\Thomas\k4\10 - E223.mp4,6:28,22304218
275,\\hai2\Video gốc\Thomas\k4\100 - 3CG.mp4,6:08,16434811
276,\\hai2\Video gốc\Thomas\k4\101 - 5CF.mp4,7:32,16781206
277,\\hai2\Video gốc\Thomas\k4\102 - 6CF.mp4,7:57,16780993
278,\\hai2\Video gốc\Thomas\k4\11 - E224.mp4,6:37,22304034
279,\\hai2\Video gốc\Thomas\k4\12 - v235.mp4,6:20,22304011
280,\\hai2\Video gốc\Thomas\k4\13 - E242.mp4,6:54,22303984
281,\\hai2\Video gốc\Thomas\k4\14 - v248.mp4,5:49,22303990
282,\\hai2\Video gốc\Thomas\k4\15 - v249.mp4,5:59,22303963
283,\\hai2\Video gốc\Thomas\k4\16 - E252.mp4,6:42,22303972
284,\\hai2\Video gốc\Thomas\k4\17 - E253.mp4,7:07,22303869
285,\\hai2\Video gốc\Thomas\k4\18 - E266.mp4,6:43,22303817
286,\\hai2\Video gốc\Thomas\k4\19 - v269.mp4,7:08,22303801
287,\\hai2\Video gốc\Thomas\k4\2 - E190.mp4,6:03,22304453
288,\\hai2\Video gốc\Thomas\k4\20 - v270.mp4,5:59,22303813
289,\\hai2\Video gốc\Thomas\k4\21- v272.mp4,5:55,22303785
290,\\hai2\Video gốc\Thomas\k4\22- E278.mp4,7:07,22303793
291,\\hai2\Video gốc\Thomas\k4\23 - E279.mp4,6:18,22303621
292,\\hai2\Video gốc\Thomas\k4\24 - E281.mp4,6:20,22303608
293,\\hai2\Video gốc\Thomas\k4\25 - v296.mp4,5:50,22303580
294,\\hai2\Video gốc\Thomas\k4\26 - E297.mp4,6:51,22303601
295,\\hai2\Video gốc\Thomas\k4\27 - E298.mp4,6:36,22303578
296,\\hai2\Video gốc\Thomas\k4\28 - E303.mp4,6:53,22303572
297,\\hai2\Video gốc\Thomas\k4\29 - E304.mp4,7:30,22303401
298,\\hai2\Video gốc\Thomas\k4\3 - E195.mp4,6:31,22304477
299,\\hai2\Video gốc\Thomas\k4\30 - v305.mp4,6:02,22303397
300,\\hai2\Video gốc\Thomas\k4\31 - v306.mp4,5:57,22303382
301,\\hai2\Video gốc\Thomas\k4\32 - E311.mp4,6:36,22303362
302,\\hai2\Video gốc\Thomas\k4\33 - E312.mp4,7:43,22303365
303,\\hai2\Video gốc\Thomas\k4\34 - E319.mp4,6:10,22303346
304,\\hai2\Video gốc\Thomas\k4\35 - E320.mp4,6:30,22303230
305,\\hai2\Video gốc\Thomas\k4\36 - E330.mp4,6:03,22303240
306,\\hai2\Video gốc\Thomas\k4\37 - E331.mp4,6:00,22303189
307,\\hai2\Video gốc\Thomas\k4\38 - E332.mp4,6:05,22303204
308,\\hai2\Video gốc\Thomas\k4\39 - E339.mp4,6:02,22303192
309,\\hai2\Video gốc\Thomas\k4\4 - E202.mp4,7:01,22304474
310,\\hai2\Video gốc\Thomas\k4\40 - v340.mp4,7:56,22303192
311,\\hai2\Video gốc\Thomas\k4\41 - E345.mp4,7:14,22303030
312,\\hai2\Video gốc\Thomas\k4\42 - E349.mp4,6:02,22303053
313,\\hai2\Video gốc\Thomas\k4\43 - E362.mp4,6:00,22303026
314,\\hai2\Video gốc\Thomas\k4\44 - E363.mp4,6:05,22303009
315,\\hai2\Video gốc\Thomas\k4\45 - E372.mp4,7:37,22302997
316,\\hai2\Video gốc\Thomas\k4\46 - E373.mp4,6:15,22302993
317,\\hai2\Video gốc\Thomas\k4\47 - E380.mp4,6:15,22297216
318,\\hai2\Video gốc\Thomas\k4\48 - E381.mp4,7:18,22297175
319,\\hai2\Video gốc\Thomas\k4\49 - E382.mp4,6:09,22297183
320,\\hai2\Video gốc\Thomas\k4\5 - E203.mp4,6:35,22304410
321,\\hai2\Video gốc\Thomas\k4\50 - E398.mp4,6:14,22297176
322,\\hai2\Video gốc\Thomas\k4\51 - E399.mp4,7:20,22297149
323,\\hai2\Video gốc\Thomas\k4\52 - E400.mp4,7:11,22297162
324,\\hai2\Video gốc\Thomas\k4\53 - V409.mp4,6:14,24278909
325,\\hai2\Video gốc\Thomas\k4\54 - V410.mp4,7:07,24533655
326,\\hai2\Video gốc\Thomas\k4\55 - V411.mp4,6:29,24275957
327,\\hai2\Video gốc\Thomas\k4\56 - v417.mp4,6:38,24531528
328,\\hai2\Video gốc\Thomas\k4\57 - V418.H.mp4,8:11,24126075
329,\\hai2\Video gốc\Thomas\k4\58 - V426.mp4,6:56,23932097
330,\\hai2\Video gốc\Thomas\k4\59 - V427.mp4,6:24,23931416
331,\\hai2\Video gốc\Thomas\k4\6 - E207.mp4,6:58,22304290
332,\\hai2\Video gốc\Thomas\k4\60 - V428.mp4,6:45,23862940
333,\\hai2\Video gốc\Thomas\k4\61- V436.mp4,6:31,23405176
334,\\hai2\Video gốc\Thomas\k4\62 - V437.mp4,6:04,23404339
335,\\hai2\Video gốc\Thomas\k4\63 - V438.mp4,6:14,23329359
336,\\hai2\Video gốc\Thomas\k4\64 - V451.H.mp4,6:00,23175487
337,\\hai2\Video gốc\Thomas\k4\65 - V452.H.mp4,6:36,23174920
338,\\hai2\Video gốc\Thomas\k4\66 - V453.H.mp4,6:03,23174286
339,\\hai2\Video gốc\Thomas\k4\67 - V454.H.mp4,7:05,22552424
340,\\hai2\Video gốc\Thomas\k4\68 - V467.mp4,7:16,22987447
341,\\hai2\Video gốc\Thomas\k4\69 - V468.mp4,6:36,22982686
342,\\hai2\Video gốc\Thomas\k4\7 - v213.mp4,7:22,22304249
343,\\hai2\Video gốc\Thomas\k4\70 - V469.mp4,6:09,21785447
344,\\hai2\Video gốc\Thomas\k4\71 - V470.mp4,7:09,21785052
345,\\hai2\Video gốc\Thomas\k4\72 - V483.mp4,6:37,22541734
346,\\hai2\Video gốc\Thomas\k4\73 - V484.mp4,6:09,22488001
347,\\hai2\Video gốc\Thomas\k4\74 - V485.mp4,6:23,22489559
348,\\hai2\Video gốc\Thomas\k4\75 - V486.mp4,6:12,22292425
349,\\hai2\Video gốc\Thomas\k4\76 - V496.mp4,8:07,21946171
350,\\hai2\Video gốc\Thomas\k4\77 - V497.mp4,6:29,21942519
351,\\hai2\Video gốc\Thomas\k4\78 - V511.mp4,8:19,21267688
352,\\hai2\Video gốc\Thomas\k4\79 - V512.mp4,7:17,21267514
353,\\hai2\Video gốc\Thomas\k4\8 - E221.mp4,7:23,22304288
354,\\hai2\Video gốc\Thomas\k4\80 - V513.mp4,6:38,21267131
355,\\hai2\Video gốc\Thomas\k4\81 - V514.mp4,7:17,21266926
356,\\hai2\Video gốc\Thomas\k4\82 - v522.mp4,5:32,20896568
357,\\hai2\Video gốc\Thomas\k4\83 - v523.mp4,7:26,20896198
358,\\hai2\Video gốc\Thomas\k4\84 - v524.mp4,7:11,20895819
359,\\hai2\Video gốc\Thomas\k4\85 - v525.mp4,7:15,20895491
360,\\hai2\Video gốc\Thomas\k4\86 - V527.mp4,6:40,20653081
361,\\hai2\Video gốc\Thomas\k4\87 - V528.mp4,6:43,20653407
362,\\hai2\Video gốc\Thomas\k4\88 - V532.mp4,5:02,20379869
363,\\hai2\Video gốc\Thomas\k4\89 - v533.mp4,6:14,20153376
364,\\hai2\Video gốc\Thomas\k4\9 - E222.mp4,7:23,22304275
365,\\hai2\Video gốc\Thomas\k4\90 - v534.mp4,6:18,20150931
366,\\hai2\Video gốc\Thomas\k4\91 - V544.mp4,4:15,19543115
367,\\hai2\Video gốc\Thomas\k4\92 - V545.mp4,3:30,19541353
368,\\hai2\Video gốc\Thomas\k4\93 - V546.mp4,3:30,19192440
369,\\hai2\Video gốc\Thomas\k4\94 - V547.mp4,3:57,18926099
370,\\hai2\Video gốc\Thomas\k4\95 - v548.mp4,6:46,18558426
371,\\hai2\Video gốc\Thomas\k4\96 - v555.mp4,5:48,18557386
372,\\hai2\Video gốc\Thomas\k4\97 - V556.mp4,6:57,18746859
373,\\hai2\Video gốc\Thomas\k4\98 - V557.mp4,6:18,18746661
374,\\hai2\Video gốc\Thomas\k4\99 - V559.mp4,7:11,18235546
